Al_pct,Mg_pct,Si_pct,Cu_pct,Zn_pct,Fe_pct,aging_temp_C,aging_time_hr,cooling_rate_Cps,grain_size_um,tensile_strength_MPa,elongation_pct,hardness_HV
90.62178083193153,1.051924031971901,1.0235314517753538,0.393535187609359,3.1271672508329673,0.11406370010847766,197.78988061062387,18.13321399177097,38.619407047077054,12.424609900158526,411.77139902991627,10.19329410494878,126.46466756066823
94.65500014486942,0.7059526140396067,1.292048831689785,1.0258041727900964,4.041341056081391,0.2292580869117669,146.23950931275272,2.009026367661847,23.38526062423449,11.277599398740577,447.9094407137694,9.535137547901286,134.63763766370388
93.12395759267983,2.2012482551867825,1.4808157958525572,0.9169719068300134,0.34518468455687457,0.31764344957578744,148.49040154472155,15.11601872685229,35.84730762290836,,393.81686234811104,16.135136946656452,111.36903166773114
92.19060938937926,2.136278035702838,0.6460865253824948,1.2341303120386466,1.6739452094533958,0.3206849488079868,179.42250766919645,22.15074608698915,36.92880190090355,18.814981047494694,425.0708532783443,11.179356946279961,118.29685411931277
89.09213048309705,1.1831488174955234,1.4533625824891117,1.9991596361758333,1.5685156237857811,0.2426235684707555,152.85706793527885,8.334550070050819,7.3446386200515255,7.731815093495604,438.8064973306899,9.167648565206765,134.07955949268538
89.09196164235343,2.877158905626026,0.7673782738829045,1.5619528987558895,3.1782266097630663,0.2789211025010403,218.26123708235792,6.081571455669822,48.32581222930957,7.316671295212388,448.51721520536915,9.412639956677577,143.07571716594478
88.4065852851774,0.8776447294522506,0.7626142856843068,0.8559448357331116,1.7797888673532025,0.48620716729390656,152.68161872219275,16.336955487325394,41.14108138127334,10.380164689176036,373.6556764233692,13.984076558009175,113.67164060411325
94.06323302042455,1.5808370026065048,0.7084645251054068,1.6723507993206892,0.742533908218404,0.2509393908921247,178.99742683711793,17.67723096056465,10.621931329193263,13.004267981656184,392.7335239646441,11.579699694743084,120.94050810531391
92.20780508220246,2.859039800418997,0.9496891288171021,0.4243458902937124,2.9823353770677183,0.2032907253039932,169.12968454732044,17.13667141694359,9.715169269430477,9.133445082267956,493.6848087705367,6.730627870426003,143.5819111032336
92.95650804457232,1.5493182923153057,0.4849740518141845,0.15788100398702423,4.071919603345408,0.19738681762670407,191.15091371632784,9.024971360470229,6.7202267061893455,16.16433062130084,470.6383979887087,6.18270520673042,146.26599110692763
88.14409146007061,2.0963148691602136,0.9644537824296133,0.48845190768211877,1.910617472299866,0.2831058450816537,150.322912711154,7.5484528475052795,7.34973884582496,10.878729809995544,419.5704738100001,13.307868622260838,130.88366441741022
94.78936896513396,1.4939859949069856,0.9500457748920048,0.7467819566170933,0.6613435754924085,0.40380805948677767,174.42531424339126,23.030213599164973,37.534009051920464,18.561834718589004,355.2689313254081,18.171011093021175,103.09968703610154
93.82709848560295,1.1855380058716751,1.214282175125844,1.0701034391731639,0.9834409865641153,0.1823952736753893,161.9764026245715,22.31258918193845,23.747885719105366,14.910180651498035,399.20346387525666,13.396355908729713,122.48808303174263
89.48637377474793,2.9599441198995704,1.3003799543251027,1.2687453670282798,1.18741652584692,0.3837184508563073,211.02012197373506,12.060965417642047,39.255241550623424,24.942962945579886,409.6497115118811,14.16979485722583,114.06282420019949
89.2727747704497,1.5233350157876075,0.8285296203749088,1.8301508627074012,1.499487964972681,0.10845992933976652,143.2468569707756,20.616265055396216,37.43961727033517,10.207353885148155,393.8306241170363,12.405431634599433,121.76874706890581
89.28383156897404,2.735248009197836,0.6627998992217925,1.0687226181458696,3.2139753525315458,0.2675731911935784,213.09819952051674,11.951116507954513,30.42832931850847,17.074539054736228,421.9337187683188,12.812856309844523,123.7180277015954
90.12969570071677,1.0748865147277153,0.6112018767805134,1.052423724788886,3.004727422688595,0.4103460260811148,206.63953108424005,11.336558397595228,34.47514702564464,5.96122210525568,400.07377140438314,14.55124408220505,113.88648573676484
91.67329502142566,1.0327617600627081,0.5335486040458464,0.19546171866366605,3.480399307835196,0.23549318230977256,163.80565731526525,5.448784847184482,1.4086083567675187,38.73189718530937,404.67014628833346,12.023545318443485,123.41424367146006
91.0236151304948,0.5778352072112785,0.36917709863882986,0.16633195004682524,1.8125099226575658,0.3254948405781598,203.14325237416838,11.380933242823403,15.932993516848587,16.73627657315349,286.77511532578114,21.198551995739177,77.17388477215611
90.03860398138629,2.129167063439713,0.710937574601656,1.147203927641107,4.119988259399891,0.18199169313036434,142.4970848270998,13.823172649195755,32.072197873340805,10.820874699187533,492.99123349300356,6.218758412214648,149.60943795174268
92.28297026305665,1.4213158593094029,0.6242972305569399,0.9325393651718545,1.0204383057788013,0.3967981564504689,217.3492440234715,2.4950952034311022,0.9625751975690879,10.983014200376346,316.25151287966617,23.636367879950253,89.21405821617537
88.9764570245643,2.6608956245990925,1.4597008630396888,1.6944427504625674,2.3452037375907695,0.12091164130750386,182.12759540718315,11.770486113858942,2.1323587122883736,11.036310272562933,527.578546674458,2.3292453433963476,151.5421833861781
90.04501253974652,1.683024766728893,0.9692505915000527,0.40529121095250586,4.004693607707152,0.4410170579502002,164.26248208523563,19.18983680469441,42.66845513228397,25.432163417202336,488.2401198384929,5.039245666333823,146.77130075844627
90.56453290305585,2.9204835697868043,0.716732446836609,0.14744615802239425,0.9007932386630962,0.17927855456866726,169.00665700757418,16.96101324023394,34.35923065375755,17.451398699519657,391.92845060251994,16.002513554951957,116.71577889318164
91.19248988951925,0.9638137892578029,0.9965611211924352,0.953173659067239,0.5493155687039147,0.4497592126833323,145.3124282768398,15.97345375500657,13.635801789457025,10.202906993474427,313.37750285213076,20.06606488322824,101.29719811109176
93.49623172975109,2.671557919889027,0.4670360416148346,0.5512092578292892,4.418419838439949,0.24101169652020693,219.14796112336313,22.010219425618455,34.5541605858761,7.42218874469027,457.8984235524694,10.100168245771652,130.9455208151277
89.39771647510852,2.4414921319793543,0.8328524990426434,0.19426730934379116,1.7146483137959794,0.38907342978979464,143.1433556120554,2.3967042161550602,39.72660512239353,19.657164042821552,388.2020694988456,16.893096695122594,123.33589330547723
91.59964106889528,2.42730461161013,1.0514811857052766,1.4767367450104951,3.41935062454516,0.2276901191144754,192.39256985182874,14.255046896229151,15.686317013950012,17.037547253619458,543.7830905863407,2.0,157.44670415455582
92.1469019820343,2.611958070292219,0.8866773981509417,0.3120266999187702,0.1267430213196924,0.46236466849385904,175.41887421651666,19.321674665013557,2.283850186209779,16.160149089733547,380.1039574384214,14.516524222028442,118.62839931365161
88.32515288903998,2.4025599773574973,0.7821345607851891,1.2558070500147662,3.450234442047248,0.15065485020734976,215.91329745509722,13.90937841942788,46.672566672042855,11.7811668387937,449.11409823639485,8.61126473445686,140.26469208518532
92.25281396331007,2.0655508040785384,1.4926180666796378,0.6339945253170893,1.5805065577348527,0.1714079157090395,159.67997922454362,9.125702156768341,17.586401995633707,10.806556361381377,440.59725332061373,7.827558199460734,133.78646992563876
89.19366886581103,0.8281121942059689,1.3563777145787124,0.4296424956745418,0.2787042679372087,0.2972120500635209,182.5669459150409,4.9975124320235125,5.770847282592966,23.905042132930205,350.116404464113,13.153419461149488,101.08015193654182
88.45536115089696,0.5813154487281298,1.048087149791328,0.8215278935467031,3.049063807740585,0.13277537561525846,178.58849668662023,21.526387579956207,24.846915133960795,24.811510925834327,428.4689340668766,7.539488966595185,120.92590786028073
94.64219876077334,2.802119619539217,0.9832528334187394,1.6227469748236119,1.2040190803658661,0.17839207388070477,196.22931552400811,12.356772632527266,38.539155885374626,,458.77830042693193,8.506473529584284,127.87460771010369
94.75942423152192,2.041625786301845,1.044792575789501,0.8449777961186881,1.9340362102594,0.4775065528848058,145.44081855619365,21.31853433368543,11.471542073569179,17.95621592249052,379.9700133773526,13.534326871174128,123.2524587835602
93.65878143681523,2.491343227440441,0.5415745293869199,1.526462333501006,0.40290406143256796,0.49059586445915493,155.5031304018684,14.888746693529702,13.839757481601486,13.389077540650407,392.19969535311856,12.020357197910972,116.17563413727571
90.13229638421359,1.7038058787813752,0.7741652919171823,0.3384239639183863,0.7358162554747266,0.2505037317321688,157.165185607428,16.832226565530018,12.514391846529866,7.042799103050789,377.15005228904846,15.016850576305641,107.62167794807695
88.68370479804469,0.7932704724059862,0.34735143946907915,1.5682656973636504,1.4898861774792187,0.46931440840557426,199.0520603873352,19.6937453963259,49.58781611516807,8.232608359576409,381.17002260398556,13.122104090929009,108.63520375099526
92.7896311855851,0.812964480506376,0.870655244984192,0.5501733173226324,0.4487975028007857,0.3179298702693727,155.1310957061392,16.501421981202956,10.271484819661856,19.2685216390623,804.5182171275802,21.83577832947464,97.38149802334341
91.08106745617721,2.2139132180724284,0.9516295007491957,1.3870469467888584,4.554131323431577,0.20789698634950682,185.87934111127814,10.757206494936629,28.988250739823137,20.27689659442032,547.938269420095,2.0,162.40722030800805
88.85426764391345,1.5757647372486567,0.5732996833238515,1.1749849541978932,0.03023521591989209,0.3809594884322395,157.2195056400763,13.299934446430322,46.300599762019736,18.57192075653121,326.619031484581,21.881120521178644,88.38924655108946
91.4662383707789,1.001311816750842,1.4568346165986166,1.865374962702206,2.419301094321557,0.3635607226299429,208.92999600671828,19.667001542869357,7.771380159450072,13.991093156356877,417.65430251707113,11.527624334538505,129.6189941024386
88.24071964780653,1.7289863668535923,1.3913455331246904,0.8359127841530966,0.6162372906627572,0.49565012764349337,215.37483635917107,10.220306520205652,48.55728279445116,18.850125703983185,313.7849068073148,18.593408267664728,95.81038981968408
94.36524281455148,0.6605223426878353,1.166571882547087,0.22571385878543684,1.5383954473897425,0.20601891496371333,181.47943799537924,10.538672048906935,47.400123102583414,11.902459770972149,926.7435355898972,13.895077346040921,120.40877926663208
89.81145987120011,1.954928504785997,0.940063954518435,0.13639542254738052,4.630297799091327,0.36882380106469415,168.18471073673425,4.105182553276025,44.286313359383996,15.620062327107402,489.2719382744942,8.88583344830255,152.48553872012096
92.63765599047787,1.1724835110877443,1.343962991577222,1.671031265848231,0.8084727663699343,0.12080950201177876,158.72462200139992,22.12085757487845,11.12054780583511,11.224816126168811,402.3973731029252,14.199876911677283,105.22847615827365
90.18197753262588,2.4938977515929706,0.45678281258815545,1.096997711556721,4.829161598591663,0.14545841547868776,143.9824801218435,4.002798928799718,31.885725272543674,7.98277221693757,514.3452580439158,2.333542990659901,161.38844728236256
91.64047614824467,1.2759048973089344,1.248611753129862,1.5729636984864037,1.0289718849471086,0.10156734998043732,161.48000609579964,16.260601903868228,38.16412791158139,,372.8045804091673,15.413786703715838,117.87883036912287
91.82697195540295,1.638050372704503,0.44978497676021795,0.5454086400218779,3.7078305423341478,0.49978427242386925,192.33886239562543,11.09027853366155,49.30838244572327,20.288409489204884,452.69513836112526,4.067031313749299,132.1266777465576
89.29398118867869,0.5290513497702516,1.2530527950592865,0.755659116475144,2.733386324486559,0.4209094788589911,182.68935450473685,10.923626585619733,9.430979193027836,32.77229560107378,410.19637044388475,9.521081727265232,120.89603234755003
94.78709239435192,0.6811172194863973,0.6309210819016283,0.157197357201506,4.422393637983796,0.4146892058934163,215.5233022624742,16.950140404599047,38.418282026205176,13.539503538927507,368.8451363748615,13.991811751663,112.71216644866466
93.4259297635278,1.481233891016712,1.3525086972218268,1.926835416690813,2.7699662775156546,0.3038904301152719,171.70218099933604,3.4760621178573317,17.270657911392092,8.011484483204912,508.28780819316734,2.787340817345579,147.41526741396606
94.57649259094933,1.6998470867928088,1.4328505125904774,1.3689490227315455,2.6727960957815435,0.22002683316217597,195.50906738627157,15.061527224931561,9.193510045616115,10.682679644118188,484.76165606156934,8.645096955234461,144.21485247740665
94.26379145299354,2.000051370298259,0.4785551632861388,1.8730896667426817,0.9772900018419994,0.1605057137850704,179.1458197980097,18.984699291391806,21.358158590085818,,417.3359811410935,7.784748163230908,130.20098157145762
92.1852998516776,1.229156446773258,0.8552107260784723,0.6044431741152374,0.8311468102582936,0.21386989553858549,181.00609727393692,20.220680673505072,39.79487765135651,,352.99075354032743,13.90512665860506,108.48586560554863
94.45311964516182,2.2374547153163564,1.4771848537952221,1.2617808613287556,4.582445755577571,0.25038848877165565,161.4219451683294,5.7516685666630565,23.51006528335058,14.707396090980922,573.8802899863871,2.0,168.83016317610742
88.61944751436344,2.6503059929730113,0.880088923167776,1.3891499397560119,1.6391909942501703,0.4025240387921176,176.39606214735997,21.74321910171982,27.1073934600509,14.086089032752298,474.78222462303694,7.477966656667181,147.5484701701172
89.37188003693402,2.4496274722333746,1.336257027017454,0.703344430489418,1.8604112748144797,0.31586471556126094,177.66279976101657,16.435214020643727,49.760390804906,16.623758438896996,439.50861218369926,9.139769354141341,133.36705996782445
88.31659102237377,0.5990470633708929,1.0064778265575838,1.7114075465296972,3.7991182921419417,0.13099345062219309,196.5314017399147,21.40080561805502,20.25591032809259,,490.8541792467972,9.836643517850025,148.59978103877353
90.27731231534285,1.7012673681445722,0.7503958895035222,1.899606779510471,1.6941174121140368,0.10721160358356491,215.25119993488912,12.676175776424362,30.962337358107373,5.002219124581678,386.27029904913576,15.33319025980513,113.3064278998347
90.72074102782638,0.7623254460454372,0.6429402666310442,1.7812247236224081,4.760312233195013,0.14093287181362527,166.34570219860035,13.924733592138445,18.579587979960905,13.34115383970294,513.4714964480818,6.367929695465666,154.0087562160802
89.89944322241728,1.1051125396563186,0.5438677093033046,1.5042272542848079,3.6896388449940014,0.2641994854789518,143.3760374865039,22.218842094630766,19.942889493270894,12.612549426506048,457.9343671276902,8.263650392918553,133.5098527302082
93.8011625640635,2.966656483167866,1.2141578296532367,0.6271828914774126,2.9871462128671,0.4732771668196073,179.70361004005116,21.79800995380278,34.934217295547704,15.181942762962795,479.3241604858008,5.566902874042315,134.094490222222
90.49727328685512,0.8562388572537831,0.7638486081876334,0.6350704800007002,4.404475802723763,0.3549609924836886,183.5569065719335,11.859539214118044,46.92540531669673,10.542419994645952,450.0300159307142,7.933339970747348,133.61004395071933
89.96654156781166,1.7472203836283902,0.9135305546409014,1.930384608847472,0.24802954174741376,0.420730359950206,153.47524409055322,8.037077895984998,27.34676804936991,,393.93082303186515,15.34086398019586,117.56848567908554
91.79887258210773,2.0453893357952975,0.8907905760014183,0.11954054227781485,1.2853134609460437,0.2865498378018194,200.83716850208532,10.649749560413811,38.5357964829646,15.21827297162858,319.8312552694642,20.958996253852284,96.63582047827758
88.98646957482333,2.2561624263602598,0.9927348350797573,1.4604949491600745,2.32518167110455,0.24466643327801713,218.79432867531932,10.530815227654495,4.915724661439709,11.427047343794834,364.03407935969767,15.440057386255944,115.27099679975177
93.61537886527827,1.8991217087172854,1.3386925747494627,1.4418677088549983,1.1348926973576052,0.1433601490866491,215.66197736067687,8.311071249621467,10.952322852880384,,376.0096939533465,15.86239259299032,109.5414839623704
88.5218545057584,0.5244271185479592,1.4768872123001153,1.283110127804615,3.7195259365107596,0.45037320887448196,155.7684831058922,7.908751295325264,25.355516225516855,12.529050313088502,462.88979382209203,9.894052602267063,137.028178129054
94.90820855620362,1.3161532706099797,0.7891010502885802,1.981206807565045,4.596040155268626,0.4132640116111611,210.02905919206086,20.943384602553827,1.4905803196243521,12.970318217635667,517.1272288493311,2.501962732488934,158.96905664290543
93.40571338507661,1.7942791084617786,1.2930227065275637,0.6925709279510779,2.1188505996546168,0.16724723903909006,196.35949091293477,3.536962255062557,13.01632144874666,3.7845102280418,445.2280658512379,8.69496378245238,129.80580918246213
89.3910097707392,0.7196662478620834,1.2174333535856612,0.7459465412071715,1.7106630005594747,0.3049042255505042,176.30772510455293,16.907446006191073,26.111363846335824,7.70943640799296,402.94024078780814,13.658061740286119,121.65081988038483
88.03865481986522,1.376567328022952,0.9882347417466879,0.24998486559845554,4.8077536606878315,0.294949923168498,183.24887954597833,5.802041132041951,1.2405793136868852,7.717833374969337,518.4899396030147,2.0,153.50557181308264
93.70822999918384,0.5830077719784164,1.4472565723343198,0.941316459433101,2.2242621641377043,0.3500366210746114,207.96801399859663,9.57912965466939,13.595041168189065,13.283635806137516,375.73889781775455,15.872072525370035,111.50354743176923
92.94800140693332,0.6964462428875519,0.5405694186340833,0.5959921998462113,2.445242002246416,0.4784747575965045,178.41079517106985,3.353946750966411,25.94452556405554,20.26035646766667,378.65838756897085,12.457230875387705,117.38824071674465
93.10305017628691,1.49230819050399,0.4311170523715457,0.7524347341375239,1.758249361709527,0.33190857670499185,169.85658952841015,7.939420010820165,28.87088777507166,11.61891017284533,388.1498554608349,15.831318345014218,114.57769135834826
93.39889242680162,0.8317893851076509,1.3247543603465066,1.6856864014856925,4.547742365060692,0.31608690671144746,179.45979944207886,18.905263564579325,46.32470880623762,17.10411831629029,532.3944274843934,6.704015455729551,163.6720482815172
88.51831256213863,1.9188521206538953,0.8269797799604979,1.877420575702242,2.844777416409254,0.12012917317386558,186.33038432280392,21.47033714003969,32.444608350905085,15.788803704329249,513.3654271823173,2.536429195782147,144.2474626136694
90.50926009980991,2.223662422843164,1.3163626250484726,0.4528928368098527,3.810872935908223,0.12516299040720957,155.1262123022679,6.873597341852075,21.02942222523469,12.883628146316912,506.61641767387914,2.0,144.83685193256642
88.81108341667591,2.501466747772707,1.3717082462344978,0.8077669699515851,4.059033591754432,0.17493871653071558,212.07261842135927,12.19805246369628,46.55238326808686,15.326612251973584,466.008108500051,7.359534058392872,128.21143209627104
94.04172398112915,1.0003756106120252,0.3749491123428857,1.8643980680192487,1.709245209586291,0.11298830867669932,193.9349559063691,12.347129054618541,39.35170767769581,13.44191066456271,381.32360894799086,13.963591717921188,108.56822959856243
92.3630868877929,0.9187064556476744,1.360157715583273,0.217436075309523,2.1684716566019,0.397341158228005,190.6615133869991,21.21865672671415,10.400441595081006,11.508521964007906,384.8272385995569,15.535268560953423,124.73238989411293
90.31628617396855,0.7614196008360006,0.8379828664433067,0.2754850034116192,4.242358872031323,0.38933212159758523,147.95969809445106,18.78157916326772,6.976696886766579,14.245372823832732,398.18100605647703,13.613642137270464,119.36662227352583
88.44490845200217,2.0910756238590915,0.9125189868050787,0.40930287949183575,1.8162767583790513,0.15442249377265718,188.33391505380735,13.287698804097097,33.95267596926528,21.729104083015255,408.5214137765272,11.725626332580456,118.94991038067087
90.17687625200963,2.266189316217253,1.0519110133118523,1.2309043848410621,3.9696756672592564,0.43443156031811236,149.6768529790794,16.756438410379015,28.2142166960607,14.718417333126942,517.3960718798259,3.7895414530634843,159.13285568890987
90.27628325418723,0.5789653620641051,1.4116591280761042,0.38589731491139523,4.704961612872186,0.1619144139384448,146.29581401563192,20.64181118600607,39.58884388274141,13.292346892803756,446.7277811195131,7.0174726802219025,138.63838962213978
93.10724324836644,2.8405306156092247,0.32293931331571685,1.9393451247563935,3.116051865340035,0.22047023479894354,182.18487165139146,2.209856988561989,37.07084997889498,8.576447363303307,562.0954858079011,2.0,162.5244066720577
92.46290229948649,0.6299282091286811,0.8722121619813805,0.9487576017911886,3.7081364372594443,0.199590759664546,172.2228427237196,10.86358068310107,31.447970925946994,21.46341933330177,474.1891804133581,10.300787852841127,154.74775471387798
94.21048919803428,1.8532408382526762,1.1252664509166728,1.052884124665316,4.025486560205675,0.2489228394292191,187.10482161249786,21.95934968009573,49.325917495630165,6.9391590137463535,536.2230944093155,2.0,162.24858253779993
91.30550447613365,2.272651298627291,1.167248349237874,0.5686513700302723,4.225198244483213,0.20186550635598477,147.1377734445791,18.28688667856693,26.91269164046523,6.156908395799146,520.3470009780215,2.0,158.11586023567816
88.83715972156811,2.677422809365214,1.1310389178445295,0.9948244796259936,1.9752666892839799,0.29558037057538084,174.47864502778066,13.942510235349642,6.0987349468351315,14.134014601254139,463.62756778446555,7.105617723747055,141.574436092129
92.99271351056096,2.2852173303310694,0.4613221552897462,1.357635902010322,0.25631729587999086,0.2629631525418742,153.98293720361264,13.652179594772935,41.49954145839143,8.56510099717428,376.3729755756383,12.447220999702287,115.38758202292135
93.32549534031828,2.5043202076744797,0.6592747060460175,1.5272365602126812,2.0093813561836975,0.4946277963117306,218.9680068739293,9.65094214729763,12.966741436112596,18.833545240688856,391.4963206140188,11.127858984676191,114.34152916063324
91.92894038298647,1.348625481357015,0.7304586305004162,1.5323493571488347,3.3687811489204487,0.12237054005129028,184.89201699481396,13.451451740113319,38.976456333123956,6.21221645822241,490.90800981726596,2.9233222233229696,157.8349993999938
93.39677025968193,2.5370627843662805,1.265324649215406,1.1979931141187679,2.251751928903964,0.15687255055494065,194.9949488752694,16.418430388195972,47.876801252002544,17.898601637843367,491.6007791305194,5.2847328775436475,146.0542915054375
91.45656917455074,0.7002871159616879,0.6345118468974635,1.8182835724883288,3.744815754301993,0.121130357563441,166.03346245460864,11.203986845433448,34.991377941234894,16.918247512376198,490.563098406724,4.93210718814998,151.95651841023383
91.65912980567396,2.737041640151319,0.5528459566406438,1.6530749098816078,1.7849121473433194,0.3503364779929503,147.57911318234753,17.711369220627827,30.003492967015156,12.771375602281164,451.12795343176924,9.6562775737288,132.96371291842453
90.99278712850985,1.8689809403843407,1.4489376228457154,1.5383914179273883,3.1737207055201475,0.12180371096548784,218.06966902268294,20.94710899972849,23.28911569591451,5.26021206758289,436.1126208424896,8.984961942775492,127.5724537372303
88.17793388720867,2.5432444249062343,0.3106359421361627,0.20565049119287518,0.9320990242698729,0.43457589495044935,162.90072283065467,5.403066660066946,18.538288366772463,6.114596317738399,388.36831571802014,11.49724855147704,126.01981778166099
88.75523998895314,1.6307957112957503,1.497385026818374,0.1130681282173337,3.7468471832247845,0.30477545227277114,173.90465481388594,11.934034501983337,17.973735173105894,13.409643483748724,495.1486457995305,5.354342376207317,148.00273855676494
88.22000429980714,2.108944237991312,1.1121855586288747,0.5036498266713986,2.728479844065129,0.31080304983261353,191.989113736206,10.976442008271784,32.000448932624735,,441.6702715111355,7.549266194420582,132.3305454483929
92.45487287884646,1.816006652340283,1.2941631593389404,1.3606948284355593,1.0203219427330028,0.32463780308487766,141.9757838148889,17.12422568909402,37.688019288418424,16.296202642617942,371.96806280370913,16.26689721427765,113.00850486863779
90.20049186753428,2.3289738043883297,0.6535432756154318,0.881275228876837,1.4595558674890363,0.1683254825224843,204.82073044138295,7.497084235674446,34.08659493947851,11.854570427515155,396.7014185500377,9.931440914319749,132.0192779216153
91.55999483815292,0.704074955076474,0.31717833320047195,0.8645718926686923,3.7430435429091617,0.17907612124579503,182.9262552022896,16.08552012895008,10.321300009081355,11.449290317775771,429.676979025049,6.296070060171966,139.74689954712184
94.35296531748266,0.6508802099764095,1.185443422273836,1.780715087636266,2.4130061783076036,0.2275269291492019,162.25737496550576,21.304763318092736,24.952365417102815,4.615743548675931,460.0545148482041,4.976093411472893,144.4352674960901
89.74504560404212,1.117758085025366,1.300973516400811,1.8015694114504937,1.0801572019653611,0.33739856632874055,144.92863882339753,11.198895195459698,39.68618357306162,16.928065495120002,349.7476420270744,16.18354979795113,119.19240552182457
90.8726804612494,0.8988617002829709,1.188571358344223,1.827433001701813,4.8363559518514885,0.18404711037608582,152.9998732379553,22.042345399542842,24.047351870358284,9.396539903091723,525.2265910104453,2.4076130067046293,152.84509370352902
93.28885796980134,2.6794589164805043,0.4714203447610063,0.6963683453785519,3.57562509908444,0.1465326908533045,211.60270870827495,23.849602256536524,27.062852346906944,10.388689128619278,450.948692680046,9.197988152532526,138.56402775747074
89.60158715844136,1.0480349683951107,1.2041135067083628,1.4130060442045973,4.785674162698981,0.4880467545673729,194.8819379148713,4.334025098854946,38.671234384455694,7.941390475266296,516.1492235065036,2.5786574114838157,155.2238817068533
88.53885936880155,2.9396631395478283,1.2227073385291691,0.6161030444213023,2.135525226801716,0.10879272592384917,159.99213773095119,7.12717013566689,33.23263266012203,6.578689585866264,489.4781531551213,4.148731832049872,137.9980072863571
90.02826017039638,1.342239479427767,1.0902486188040659,0.46215868284145456,2.3755017034586023,0.42107896213440865,145.24806119560236,22.90835453260605,20.762573583678435,21.95193150377678,368.8482667343777,18.35868780250354,112.96996467363219
89.12854901077803,0.9552947892217483,1.2193391193547034,0.4508016689600015,4.489776080925096,0.4152140598300088,195.2492249909309,23.08320910259051,44.82292920411384,16.7465970758725,455.1860559294468,10.922886362778376,134.1016843792638
94.50788356639801,2.4742462678561976,1.3151057276132785,0.7500044796408286,2.6252467012269234,0.2188856455380384,185.7926180774212,4.149560058508687,8.54706989884219,16.85754329879811,494.03640352059745,7.449492580075253,155.87842526108076
93.65684265695091,2.14676943875219,1.03632493708495,0.9169194775816613,3.5363945595283357,0.15425064640292538,172.36156195665882,2.329967008297007,49.77806420522107,11.17183359069441,536.4378495965005,2.702764618818551,158.9562455567583
92.43382629557297,1.7454892911328475,0.4063256567636149,1.67880342500463,1.2608643874776497,0.1582514586821694,169.0889159352051,5.544200511641289,6.383202634573742,6.078944151554045,452.3582357493958,9.5883537877672,133.4480108787045
94.10022413131402,1.8884088773440781,0.885153371600653,0.327793077598153,2.233632343513203,0.378972646894877,157.34514207432866,23.912281234409463,1.2400235696598256,28.24221663640313,388.9263366245159,12.275497298594507,124.34324511661129
93.6257045382938,2.2980044456806596,0.39317920160592607,1.496359110050299,0.6172493290517755,0.3571226364344695,193.56890052300142,5.959991565435111,44.555935606863855,14.424334158971684,420.3081186413437,11.664067085143373,125.76516570029224
89.30599041220225,1.0711368533282468,0.7890516372389169,1.1097643369596801,1.0299001793848084,0.41309826970055474,217.65344222350964,13.056047347884508,12.625198664114826,12.867640610194691,305.8660258439163,18.650983492443732,97.57419622191065
94.24791298942985,2.9908347901418546,0.7885277869507532,0.6470961510843857,0.004717076338155435,0.47499246895964187,154.05721966694608,20.665189981471244,36.620131558612684,10.55233108122319,372.47687395606977,13.095303482274081,113.86485938643742
91.77539569340955,2.936982905366958,0.3792118129682899,1.0363572106123666,0.19632525824330116,0.3767709453066368,187.76932960124026,2.4488354351405395,40.64526105913743,5.377252192577085,404.114130090797,9.435890034253092,123.42309633375646
93.65208108614844,2.1258142158673423,0.7185846407633751,0.669889932576343,4.886419115884647,0.1623406146205774,173.9348044596781,15.298757609686108,43.01982635608978,19.23292189951262,544.9869820250126,2.213184601919093,162.27585774310174
94.27263909946446,0.9988561273228629,0.4331977185495778,1.2325557149527815,1.2117684756838116,0.1973770467061643,175.73509773957318,8.094559875131736,49.583914665376255,7.979841884069972,391.3527013427121,14.01912741704247,119.91686063134867
90.22602432480305,2.2005706060782284,1.2698822520110666,0.9243034534249639,3.3165535475200096,0.4368774923492459,160.33178241022514,20.971368161674096,15.054965646979953,15.159504047661661,484.9020844208899,5.602063490568448,144.81316626632085
88.77036347169374,0.6804960224479396,1.437225631157365,0.4123705052498696,4.195498493998057,0.18372243033368343,206.01079005291353,8.23614528380974,35.657045425399325,16.582262242347664,421.9263206805477,10.378281171380545,122.55887896588246
89.59554613779359,0.5766312555145152,0.3867797703095263,0.3215078416558238,2.753302296182821,0.12900892678179257,178.8204483317793,17.108625846201996,6.212292984900997,13.92468338998201,374.69745558621753,11.363990575667417,111.88796509928298
90.9897545203838,1.1442072212780343,1.4461382487500416,1.1387217959370473,0.765722500419781,0.38131202161690025,183.47246817586114,16.832831913842732,20.637059922164045,14.70208640656689,380.4878828970617,15.073768486722741,120.58551881249379
93.72610336145745,1.6565573918482908,0.9270919192040941,1.8145847632435965,3.640582186680832,0.2610105421960568,164.38087302378605,6.87285807491208,42.47459881897322,20.872821390410287,523.7713226621679,2.467214061233851,159.8114429266072
94.0251140827944,2.6706812635209514,0.6594788135446487,0.7535196044596025,3.001257050497915,0.4680160210183615,154.54467725335599,2.7655823971037026,18.699073279925862,8.8731852472247,489.133667153093,7.661301048579833,150.58230380256174
88.04866491371834,2.31792267441577,0.3922344903313962,1.4927002037229842,3.6562529467368754,0.36010202843746464,146.87283105622564,11.00349062327874,29.759221336512894,13.011076537381397,489.67490405966424,6.118430387022034,146.90980807510982
91.57523111804296,2.3567663029999526,0.9007491216845014,1.3514565743855573,3.848733114285436,0.13616759111666432,197.12953127399328,8.362249343249132,25.436785464369386,11.133491726317239,528.8586747520546,4.102873790243692,148.9686516447089
90.92187702204146,1.5637333361201884,1.2534186533888985,1.8699543371880138,4.877051838423726,0.47914262690146436,155.69874253502846,19.79751049150159,32.47460079004623,5.836749099901712,564.4658275796859,2.0,163.23260578181038
89.55475467329511,1.3648374813674073,1.1485037727200378,1.6598639328683678,2.8678164001335498,0.20342290545609837,195.2060283351038,19.608012146017597,48.658272274690894,13.660839812619473,457.55005345319375,8.759351468055687,135.8199882682388
88.83905757133579,1.4275969074615067,0.3602712137567685,1.1765499919203797,1.7082055634530091,0.23488499616251432,171.2301156837563,12.054526948237761,3.258908561819405,20.09558699776479,418.17224383189347,13.408473048824202,119.7763614219816
90.3633061998254,2.9691239093401447,0.3874822024414842,1.348357946644804,3.2423227845011855,0.2609041654734168,173.26198407917212,15.343268957110816,28.91109511633067,21.126615917859077,512.2586358331229,3.634530604673349,151.05580293698299
94.60036792738764,0.6002729785312062,0.7834479391591644,1.8069342865096663,0.34220354621313065,0.1204897185617253,177.53419968742173,15.293709351712353,43.2199245728891,25.610204458426786,330.9123335950929,19.470723088795562,96.47092722995686
90.26242052414528,2.6675787403061215,0.6543485928575319,0.859085690715176,4.4869865916079315,0.29860616889224195,169.41668065020346,20.197479265407715,24.328444231547163,5.992521949596317,566.3509192522014,2.0,167.2532320750226
91.63153435220356,1.9466885214309835,0.5788611876672574,0.7209099411297769,0.5969050566909839,0.14932739643011692,148.0495981778072,11.350053110710345,4.387095704107855,23.369951638212473,339.0520379954706,17.61362314111335,108.90146067516173
92.92113271226624,1.5965385479739762,0.6372053986904562,0.12054105890687306,1.6392141894290913,0.2603881306753407,164.77054480022767,8.0598269553912,28.24669794463016,13.11735163096652,383.8170082536032,17.481687336930708,114.88021110143332
90.54540721665506,2.313144151037841,1.2641792919562616,1.6704470409637822,4.078726903130605,0.24028391519683373,193.09874885551508,7.830768199092044,16.93765759577911,23.109065881751047,527.1843957365026,4.106261704993978,162.82866951145343
94.80247457904673,1.7166723535617572,1.4150736643582247,1.6218633307663932,2.986561891653559,0.40913603337060134,193.26275211750968,13.796230144208492,8.169618374227827,10.402925205123518,529.0368965531193,2.0,159.5307936887259
94.73713106459478,2.6835580952041513,0.7861232334330797,0.29846358439028764,1.9681776013872105,0.42126820465309245,162.89794457919956,11.881260460108676,42.527208407531916,9.85205249380028,418.72837726154074,12.347568139531248,132.69724621676278
89.76247607077755,2.7517546600281464,1.3873332025589964,1.1960290241521305,2.367178296875107,0.16136515295563522,176.80821012461504,11.682656961668595,26.31917589306052,7.492413456884274,525.8802756094645,2.0,162.86898070857748
91.48073954124669,1.5543023171836385,0.6857948414974584,0.981565226517086,4.272736966010902,0.24662047495169048,155.475778240955,4.005021459973559,46.6971824127638,16.616414408019104,506.0903716125818,4.070385841754993,148.8695321354217
90.10614816871738,1.192069493087629,0.8717243836125499,0.32554728146731177,1.7000219302994606,0.2493412644127327,156.82976652238688,17.809282295184303,40.39781697785192,14.966141677125732,374.26831363114337,13.151686307863525,122.08864145583391
89.99388346064228,1.9808758214834055,0.5712347973791996,1.9630796314153747,4.3482484240608565,0.16056417757443403,141.84376707252858,6.702207135602036,34.80210379179653,7.792768397402156,521.5303883143636,4.181381330117586,154.18650445921696
88.25820863148174,2.7809083640417276,1.0685712506110128,0.5079221861803753,0.44067215488345746,0.41938140202047625,211.7397239926196,6.33297986459187,0.7487624165829407,,350.8965611337155,16.55041196596637,106.26897166927296
92.26695033785927,1.0266554725141663,1.4747773382097706,0.22774494217206617,3.8839921860431534,0.3828913313341693,156.8565332059925,11.080683046102656,21.677261103593374,14.383735566976014,459.7581882417729,8.786301891811185,139.8125906376835
91.51875316260202,2.057416458908707,1.0241917152520543,1.2302100210536282,4.237738165273682,0.1761527145188139,158.20271015491707,7.011123515591631,10.2755709417756,15.054367475117276,523.2378209462242,4.689333361388511,159.41317008493976
88.36035125874993,2.0789005502313014,0.7293769009362586,1.503846686552762,0.9090882641866938,0.24668876343751964,162.36811461161054,14.844881880776338,45.58449659691895,8.208903807038318,410.1674013032166,11.266179377588577,127.03111986584614
89.95052524965628,2.3327825560382025,1.077380935188634,0.16164254748965523,2.1517326618610024,0.1423220099426057,150.19264573563433,10.172193465358372,9.141907241479833,7.57511577155026,437.0297005754698,9.188655320894092,127.32498807890249
94.35786120176658,0.8289192128181495,0.4475048141584651,1.3515635135813422,0.8274988733182781,0.35128263883721755,191.14103065450902,11.876057897041383,14.659972557134632,15.836973031970256,333.31559957437565,18.26067767285168,103.55635620637952
89.67693323466881,2.289562411705221,1.3663908963184783,1.1113545643077636,3.5330206449710886,0.14854876981944787,146.01143625420693,13.817725075288635,26.083420002857707,25.599107288383085,467.62765720556894,5.868794874763557,143.19402494671402
89.01426410463856,2.7725813016641023,0.9037007409358035,0.29620351686259194,2.6767388403082837,0.49437366744996714,150.73619410610803,6.477781494599706,13.536499140404922,9.994189962907873,457.2228806232852,8.399743573772604,137.16922436093097
91.42616932194294,0.9492077721756049,0.8392196904475704,0.4277953661980879,3.1766167335416053,0.4122728298751449,191.58053812720743,5.4265357030416554,10.888301525316498,8.568943335308473,424.0971738242336,11.155351679328424,126.28043462749977
94.8995531787742,1.093858312309694,1.003037746144223,1.179151164900553,0.9824348347810558,0.25609541983359807,167.17284963851543,21.369281863219307,30.155416592586246,13.729453086233466,389.00522804436963,14.337462186779522,112.66106018568235
89.6943869005805,2.928487735104099,1.049740635347283,0.6630794656752479,1.0587293102620976,0.3314255729117418,196.63582613609512,11.541921462291263,4.9020113763736815,15.706917586817589,410.87660424511216,12.96897254421885,125.6647370841559
92.70494883184115,0.9524423817737244,0.38613096747181563,1.8827998844375005,0.20748662754953184,0.4645367264865635,184.59397957361136,11.066059411915862,3.3793040566857737,10.530585858082105,382.8275160868616,11.167566201190665,111.54590722626699
93.33133730730103,2.635962733423948,1.1191406654680829,1.6556064360196965,1.6103376759786485,0.3216397121583304,160.48169384492104,2.7834673060025126,18.926142111710536,,449.9854286925779,6.430922707464521,136.18503245877162
89.6634628079468,1.730694641120087,0.5903180163786355,1.9687776923759597,2.798723306668375,0.16979939455918208,192.06623603914625,12.95547865692265,36.17289049813918,,462.4472680808022,5.669850045840498,138.22753531015022
93.09751444028302,1.1180776860079427,1.1567431590079078,0.5933745940057865,4.289674569986644,0.25148134223246377,149.30189442343044,14.191733875442003,27.962934534560425,10.459301911918645,471.1043709572603,7.496866325872162,134.66050750843198
90.57448192903477,2.6768747531812784,1.287041753261036,1.9424749023161563,3.3346372372934034,0.43725794601189816,182.91283064640243,14.294499161002664,21.432385189105553,6.443080801732909,564.5807379357527,2.0,164.70702881136083
92.42614081415506,1.6132631375066637,1.2647502090630243,0.9193443526039599,2.176981616998757,0.3576852063958472,174.97184840360276,17.554685725103454,28.50470242911683,20.651102651033597,426.6265180590793,6.334429419003568,130.01183470659146
92.43470797532626,1.7870433848242255,0.9630011608894669,0.7602857110961337,4.765600571970689,0.3602897537335201,161.42988662539526,5.904600369802259,18.589848490337044,19.624376539698027,516.3768353022472,7.583942792764283,152.29146002082712
91.75042278852331,1.3980834234994142,0.9242038707729014,0.19566410124177117,3.5962260028791593,0.4467285942753957,188.32039981916,7.548908953073614,46.839243603889585,10.793011615131554,463.793178035529,3.9186076216659904,136.34585256822103
88.63202839038085,1.9823771285873186,0.47145115360729406,0.20025398993324497,4.6508260143127504,0.45758922298500193,209.7066873872226,19.83607023506908,3.2177921000833294,14.01642958087841,450.4779336015765,9.022612671958829,131.32364306925118
93.84711746912467,0.9088096814625569,1.2304153804837628,1.4148213862986438,2.6379398663608282,0.46791702871177454,219.91237598104613,22.837753570554668,33.83287821197684,11.470884484260568,361.52823040940734,17.204487650777175,104.80841150849976
90.24546045480216,1.4777038416294017,0.6256912565360573,0.970065089424653,1.294521373965698,0.13793967730126244,188.62102149947395,4.9905204420810545,44.61849190897365,,372.246920305224,13.780672426883635,119.88740868084894
89.30562957279898,2.923530805838219,0.8960345073815359,0.5303910894686008,0.26413343182360993,0.31765040078524037,172.3764699463336,12.948290199114801,40.29229308239504,8.085078380560036,418.03718710006194,12.836944413318111,119.8114604449955
88.28542599088335,1.1453335817528187,0.6411289115130201,1.266543582017942,3.6304242574192527,0.3962038084873275,158.01656801729612,6.711877560270911,9.610031223661613,7.636904508030255,482.26938079642787,4.402094577516137,152.04533046725425
92.13625060231769,2.1418416613532303,0.46059403559963175,0.5804304246752112,0.6065149900276706,0.40277073805080554,160.56768715160894,3.3216097038096137,15.148354274524273,16.84991299197802,362.6836757204298,16.327508746230972,107.15144661213753
92.74295053289597,1.3129751605617372,1.055469236270084,1.197500333254403,1.513875641359836,0.34268648078800157,178.35639825198126,9.161073438774979,35.99387296600168,,431.37029496317024,6.129282757963398,126.14231602606168
88.11611480249499,2.4336828142165015,0.36519844178748456,0.7824966192671116,2.662354539419487,0.16671493407346966,169.38221610245674,5.16112775405268,4.671392679447894,,449.14836913886813,11.414588651477548,136.6636285608168
91.58465140809497,0.8271841517958746,1.19837428095144,1.6647492305624563,2.8220829388987383,0.4189682215766658,213.10516180999554,17.61852761555342,40.68715414171291,,394.80074925852995,13.417691231798845,118.70542869891122
89.58547042638557,2.924552612696362,0.68110415431334,1.6593227054568807,3.0029159849356803,0.38804453340597833,169.46363741245676,13.741959100771778,36.08589375793712,19.27919588027261,538.4362897088185,2.0,160.54338715830224
92.51620953286616,1.6344738534590981,0.3001616316053824,1.0069657564325625,0.8312766517485032,0.13445430861961452,169.87556729163484,5.16435836178684,36.61552913714946,9.15129127493215,358.22740997963695,17.599315830684738,108.56764114635843
89.22056500303493,1.09012615836616,0.9133549670846757,0.7665563077365296,1.8986870241082436,0.2855239298697505,170.68276099471817,2.203314944921316,5.461947828245774,12.45552752625769,396.8847236148119,16.513526598505635,119.2514080691249
92.83656416671727,0.6837418683250316,0.35622229023312374,0.7888636134622796,3.0859711355848334,0.16959095980872144,206.92961682941265,19.779455078532678,36.02914696840343,11.83941250424586,353.663781900496,14.85407651877268,105.0211458134496
90.70714742410377,0.9243947627188518,0.6314034693850794,1.630857598769614,4.849094323168924,0.23499081828518875,192.06306566775214,5.876276935613445,34.15099719838852,6.774988178268557,500.85922792994137,4.510837881811693,154.9361402752361
94.55710992115714,1.799434871390044,1.1483717849468593,0.7235410173154627,3.6381556884984434,0.10723243688227418,189.13350802551142,15.336766128856851,41.6306632956816,13.155576100836631,484.3933733500325,5.218882339275942,138.08312842745394
88.96264660902196,1.3425079410782157,0.375227545946239,0.49721281004300744,4.613018785469789,0.26013194736430334,166.73144179070897,9.412282087688403,2.5589998346952405,12.651335482769579,488.92669380614916,4.345430666045417,142.10468402602268
90.38746445735181,2.5722084147065236,1.3072061908272028,0.260907849563083,3.811060291570885,0.31995076846248416,205.43233414659517,14.880690642930784,1.6439780891557136,14.07044518345162,474.32567175518636,5.302822058718563,138.35662569004631
88.79431464868412,1.5772188091545147,0.3045839071902997,0.9867169296803759,2.958584844462002,0.34783303713083474,143.0691089084561,8.944379793611128,18.963851443988755,12.978476712268984,406.6006205339602,11.179033938242565,116.6905028501435
94.47285532794994,1.1217856814690748,0.5961886430422827,1.0160509879476995,0.9601168456817227,0.3653961380514841,209.66377378704905,3.912670335229592,7.865020050533068,28.624842617060963,315.13169027558155,18.604703856978727,94.9691401293365
94.14137547366687,2.0428624665100754,1.1890848673824856,1.6977265497655236,3.3334282594625653,0.43451652524098405,181.01999198351436,6.904900188270579,28.140031639725986,19.388329105294194,515.6780775750052,3.032826966393497,157.23052106787404
89.80559139400609,2.2669430422136143,0.6795241796751681,0.5203535232475215,3.1168978297995356,0.18618516291029202,171.86001878907302,6.137288462539663,45.908770624584065,12.373085633211694,512.2833081574935,3.1591820454596657,143.87233997464344
92.61988832223925,0.9176047697523746,0.42227086567921623,0.8238834199699597,3.012345852286332,0.14819272897538718,179.77338245741487,11.416425753672165,19.87824665153378,12.833970920903234,416.7139307703404,13.185227564520094,122.64391386592308
93.72055540140852,0.9190480407207942,0.7322807025605134,1.6359709038980128,2.4489293399412038,0.44061486875917033,193.39324244270648,16.482243235375464,42.32504367499391,24.66654033824181,410.86658060734294,13.47442618439776,121.6516562794573
91.88640568119624,0.5916785673338574,0.6244719436614306,1.6648848604230497,2.643283019946378,0.16264512595705996,141.0212341214318,7.8037336488198665,0.5119232886343905,,361.1713307093136,13.039292321630958,106.92211943200692
91.70755404849204,2.341005037664101,1.3112542825926659,0.8307610443596595,1.6722126355905202,0.4899040325344781,209.72414851665982,2.265538576613595,8.841474851229618,7.451377061662807,418.27634229957647,10.35071189725275,119.0574628405403
89.69296603630316,2.1595113190545128,0.6760175011021717,0.9723356442446937,2.596563463211516,0.43701529175945486,175.73916202491142,13.416622013824652,2.0059652128772383,17.806780097437922,455.3167486018985,11.075774604868917,135.02842021643139
88.65171937464129,1.6865771893745347,1.2467189661312086,0.6762431926136375,0.9877795283923912,0.30035064235583964,167.43732157600624,15.326708765897385,16.7432854354959,20.027782464180955,390.38081970302846,14.357584342979552,112.55863145155801
94.28051030567329,2.610426122422993,1.3702465737728817,1.8718542689966928,4.025871986801884,0.49256856996881015,151.05964525072457,23.183150868039814,45.45538498697689,23.268181590272118,545.1051334177846,2.060530736694203,161.85965449182876
94.30292640014332,2.514175382375133,0.8205809034918354,0.3254231549090026,0.928884773493539,0.1389506916432017,175.15722994867536,14.96835766805143,5.299130118149893,10.375044210461711,1009.4159388744047,13.176646792146576,112.53177507160088
92.43171020091287,1.9633859109918803,1.3919317726252705,1.874123903702793,0.4248314494473321,0.22122630447004066,179.7058217027503,12.36579630631912,30.51728394881812,10.076639275191624,446.42004588750893,8.763074156914366,132.2882166494078
90.3732085373409,2.6706782012831467,0.7527816647558314,1.399346258487152,2.181230131785787,0.3552897660162446,172.29173555947824,14.614835769749485,22.849048986412487,8.35845825993277,489.9045500028473,5.725540418492683,143.37619702104172
90.44446702228862,1.0146030250919207,1.45689409978813,1.1099870901047892,3.2915371975303094,0.24000274738927152,194.29280750615177,22.413813856964595,46.954176512107715,13.78045089102898,456.3029679474218,7.6879647424774245,135.5784851454921
93.08168975209168,0.7797990484943197,0.4071474294306875,0.16205221549054216,2.188584124667707,0.4713490207923168,173.67172230073808,20.224319203236217,6.564697555586145,16.332337414846894,376.9364609571428,16.556553627380957,114.58490183871521
94.27977181966804,1.174374028792474,1.1244231198038912,1.0036327644618157,1.383770659756543,0.12625043527112703,216.9134062277259,9.105532134003777,10.995378599860333,9.921144874059861,319.39980165286454,18.65845935426347,95.59626519378325
94.20960496985582,0.6427171402232872,0.8925768485483143,0.8747213995051912,2.790855919452204,0.31976473282438583,187.94220142588733,7.219596000457019,1.962327446268917,11.510663664997924,423.62084614572314,10.88441937788393,131.0532298525947
93.45912882100336,1.82792382000258,0.7651785665467765,0.40631574275273286,1.7350116770609998,0.3363465069580458,204.5982348521527,7.77793947205362,21.979794856753,5.357582685007722,373.36463856211714,16.601503821535644,110.20555950265343
92.49422152308001,2.8415142307374035,1.059254254498321,1.347178246651248,4.664338450633165,0.36109124951088967,148.7484722487583,13.097262873734687,14.252728528450387,22.28200986032051,537.579582152737,2.0,164.36829873514654
88.58897975496534,0.5983588516712741,1.1446285099611975,1.9451867239997431,4.61322569801786,0.20226648933272579,171.78330343567245,18.369087927028712,43.56034372757088,6.514363130093285,530.313171188615,2.433506207110371,164.71888688848532
89.1314009986623,0.805274785025067,0.3052359235803709,1.1681587410225978,2.5118590998604775,0.2458265710079458,166.9478161157722,13.070822558025165,30.444570253288877,14.152791741912317,432.11531764484226,9.714378605837066,131.00339382077243
94.28987931968956,1.6304975707085883,0.5003437064966385,1.458031225243497,1.6394199700912926,0.43747221186599106,185.55859105092736,3.491520708218477,30.897491529797232,13.400632848597244,439.02384922438273,9.699422215136556,131.60316561465376
92.24500341761713,2.8346875438197623,1.1556552607611823,0.2300558598754319,3.6856620697831954,0.17797710758806395,208.88908160491405,17.91877540967958,26.829579495624472,12.407773699232177,470.80430952770695,6.6870111559630505,143.31310327920602
88.06437936131641,1.2903902624418762,1.0996624962938477,0.8935672920522899,0.1835647174153332,0.4307471388693448,146.26705742096053,19.731342830760983,5.04659169284545,12.522396377821186,354.7273581848592,15.550097892072468,107.96362554273004
88.71030080006223,1.768087021720981,1.4592570061544126,0.3210811218125421,2.373845030218256,0.325062169161097,145.80598384357685,8.368953032633833,22.528424844405084,8.127777611816297,428.83370663498783,9.277397607929165,133.65632703096264
92.64451238375639,0.6039321476259802,1.2132453483009396,1.2643120875193699,1.6816169713516675,0.4048750044776329,208.02541665260793,16.61076626423371,49.975506890571566,10.684284444714208,355.4852367878954,16.216279532911784,110.61456833391794
88.03543108692354,0.8708580024052222,1.4409272492776057,1.8831161006068937,4.602679425512774,0.3854429465053887,157.0280068830686,11.385021823196654,41.843849896877735,17.949823120971605,532.7582160745552,4.415819136232853,163.85660087449043
89.12565635992249,2.9665753073971173,1.1430486018417683,1.357377691696113,0.06001513636341271,0.18300459815395162,193.5002603559851,21.560625826003744,44.72622318127224,20.207669290026338,430.11262761727926,11.838383925733604,129.2539180729928
91.8411365255661,2.912796741090114,0.6576626503673317,0.2459257917974009,2.7640743785917454,0.32752509457354917,183.4302505888644,20.594962279536276,41.24970478270172,,460.3079431090725,5.017001198932048,139.79851609618416
92.84326638384886,0.512349952336024,0.42643790670102777,0.7738657894716573,3.70331790533313,0.44708926112203695,206.63148759097834,13.55950396281213,5.6005638248336425,6.52624792508754,380.65559459325135,13.689253445206683,115.80930969425523
92.5637288165182,2.8795294635580975,1.2381886360139227,1.146260420937618,2.425089937620206,0.2728464947207717,150.00711278691227,17.21312200789908,11.758688576207582,8.92209210027488,494.19418902639114,4.187787740168933,142.2213596973788
89.56988516622391,2.097799844538751,1.0729790657710991,0.8660947366531792,0.4270151508136083,0.4866363080893267,150.3826372578089,21.433693422486286,0.6545217421422765,25.56128335973476,346.8014311335412,14.131239186116648,109.38500943218892
92.98525454943275,2.6697957363000553,0.35782321487195545,1.6839236199028274,4.862306950139511,0.28088604004068723,184.5454688222646,12.905774221722062,15.523751181466517,9.137092284062112,546.2538981113464,2.0,155.52971678368158
89.6607436124776,1.6368496390846476,0.732060559081174,1.6478749089489795,2.5900521568804895,0.1571142546671539,215.71029226866966,8.891516290754083,5.8760664161513825,11.717911069781225,373.5482823208782,14.92395497599228,115.62541798439864
90.27779788711487,1.7889900714481257,1.4481597785811433,1.2624789381961208,3.070931221595057,0.25577387203106927,173.19982066966034,18.58065503401079,23.90327059242836,21.463738820867466,492.51334941015375,9.644816199800873,149.08898530733467
93.22543983582617,1.7221164506423006,0.9004813748522413,0.8095700957521399,1.1830489135375366,0.48068096255621484,166.1553680203756,6.841457605263219,34.01781068440815,9.867451346539244,406.09573652419755,11.844300409588987,120.40727981841324
92.5474302933305,2.1671606438652606,0.8192749632236456,0.5851391101501638,2.417490425534019,0.2278883397359417,188.53514585583088,10.547685256132926,43.78801210438481,11.401966541239704,446.0491423113326,7.763717485297619,135.77069348753105
93.94456387345924,0.8491281368907823,0.8492395261911527,0.30116120460494566,2.1457474597916093,0.4472392639468251,214.4358880436025,21.04599921634946,37.58624967199946,16.7399707258032,334.0649640875579,16.528926283680846,102.3123358574146
92.6032902461024,0.5749339746816948,0.5506592688061964,0.7743055986244526,0.3744792100099187,0.45250027267275594,206.95422662756988,17.93729148592493,46.959986991036004,24.160588881692394,255.95191830098105,23.620665229427356,70.24657595652893
91.9781602233483,1.2698248539779773,0.7424486050377542,0.8850277826946671,0.5308017677373361,0.24007460973278444,219.6386888586576,10.883842115444983,3.167965374492545,9.41005928812439,273.4233089774366,24.30678853068843,89.10762410363851
88.65572337479665,2.261701906841617,0.743775907184612,1.3840635576977398,4.1873625980938725,0.13330306322025287,141.80548665619017,6.724379052983863,1.1029018531188013,21.26022800908178,453.2412132836655,10.150439100900899,136.33305425435796
90.57401062141604,1.0046336303073709,0.36282602422496685,1.3505036661653895,1.1990997610329512,0.3898231636635273,149.02865157702098,9.831304598309202,33.23623663489253,10.885030710631398,348.36954768078687,22.982750862573635,116.08452582694065
89.85641657377208,2.1835810833122933,1.2210811542215019,0.2332054653183882,0.9747913574931527,0.22460491960559442,188.75742106932975,8.250291283003525,14.822944306001189,8.547411749934506,408.29940348965704,9.922884663412482,126.43867619008064
89.70792750365358,2.924780115268176,0.7998053182846547,0.8509926993191997,2.5245572562506964,0.41316944570302894,205.64611514670798,5.8739643347647865,13.04830029723577,13.461349404457053,421.8000234465938,11.428467874866888,126.78699376855505
94.81107388326711,0.734751789473546,1.2866158641797079,0.44537984771298766,3.843735656812565,0.2770619393041732,162.81954738454132,18.353324098444446,16.878910840842817,7.6673632121483015,453.6100329629803,7.342634290110162,132.632813458931
90.75168407266732,2.1815052955628156,1.3204176013438744,0.3979441401019308,0.3097325928949396,0.2941066969370486,159.1368870427375,7.545537510703773,13.854904865672026,14.714075793113931,381.19592130409296,15.205325839255359,113.80457870526425
94.24432588623979,1.6093755482614278,0.5543928656383896,1.6718740845007674,2.884039598191279,0.4111637626994148,202.95806395049607,11.991684343690803,25.81610211192857,42.94237945734128,410.8014396438312,14.902199166760436,123.98958553606268
92.41797038198084,2.6703556359437632,1.0888241786041541,0.1796389117608893,0.5960522142028668,0.25294533242465117,144.51054830825854,10.4889078303944,22.28734813759456,18.958271481842772,345.1522344247877,19.112044004084453,110.87282109907491
93.56367912479153,0.9428744736184648,0.8667381649955781,0.8964474642140304,0.1823052541280923,0.2772509381291658,169.5506118066068,23.605702329983878,25.86521329314449,11.681894269801935,351.60653023624565,14.456268565967425,111.61525824242634
91.51845965173635,2.2315648805654114,1.3561880855057822,0.41958694595638457,0.26371976081108695,0.25047618750784884,180.46473780738637,10.604029371260852,33.79932376927159,18.557625134761714,413.36710686293765,13.299946532971083,126.26757447125601
92.03832719238451,2.5952882241202757,0.5588888150117449,1.7707274097891006,4.170820541042207,0.246936206110912,184.82789394802586,3.7596146215286055,19.662960194071843,8.392943628205336,561.9708905264123,2.0,177.437223004107
91.44762385673205,2.861535548685058,1.113375840372053,1.1583769752225668,0.5898624181403078,0.3103786307605838,198.28921254342214,3.9761665565858486,12.93973051353676,8.975782754874496,449.7962837118021,4.256458578693784,124.85797946553788
89.36670091458632,2.2081200707241146,1.029302546703267,0.5396232091160112,0.22575682206145975,0.42351977780046035,168.38765787445266,14.996581869767425,8.7269265720329,11.812214106651902,352.17444056353855,16.32794363251754,107.9662691017031
93.05716480683054,1.7429369100210683,0.6543617730861992,1.054611845616115,2.1894994357145614,0.24470732476902635,189.01474757396858,15.185998138241843,17.798968916864965,12.617850023233752,432.0819460743128,11.654804762479898,135.902843414896
89.965406537086,2.0446181005030346,0.4639210843814071,1.48982408343592,4.2199673597101235,0.3097018882150947,186.8300338232765,11.21269779061841,37.21942052468552,7.26217138031274,531.2946470024505,3.1928219458399196,162.12558295781287
88.17021176502017,2.6722624611967953,1.0819677125727318,1.9204242169469241,1.3120418824465097,0.3682909301770404,183.80928805229976,11.500561230864653,37.95689305051774,10.776943631492204,478.35965264539976,10.542804257093355,136.84385589950244
92.51830607135017,1.9265243665970742,1.1863169497587969,0.5188474080662959,2.108563087629582,0.207775778521462,191.23866345137696,3.1865168224991667,33.51181664086841,,441.83174126520896,9.872114664708183,139.49673804715167
89.23977475584934,0.5759676492420922,0.67875281251602,1.7837453670457557,0.19961266281875611,0.21100912196095703,160.7559336854461,13.36402322856377,12.084394677690293,22.573777367325825,331.53982427331516,18.26309665655657,103.26869009886171
94.5832100904704,2.8273717387674444,1.0737991248267764,1.8751778169182316,2.2453925706743796,0.47336525080938197,146.77190028677032,13.104268458367738,29.610269169807538,7.262047351836012,466.20773656057884,10.013766755716198,141.57738076924093
94.67750003901811,2.223816877578903,0.7741570891338039,1.841199034610926,2.8880654031856685,0.3894138293324355,149.54173376317948,5.290085008252779,28.749138248053974,6.997693423077926,470.9256534637995,6.577682359913966,141.7194859949202
94.40405073154314,2.1912834644431163,1.1558482599391413,1.3072872780376288,2.854535268760724,0.33087467048932356,157.96659061231207,4.284466494440407,24.471176806431412,13.069530134178477,500.62865617858955,5.727204112893789,160.15710719432062
90.59111090178811,1.039187880994293,0.5390583298728637,1.2966592434259447,1.662133460871826,0.35908802176824484,180.01583484182282,4.718594793188791,27.72395982600128,19.304739603845885,367.1196808166482,16.528377823511494,112.35849196365922
88.10819631570207,2.147213675581643,1.3682580031634093,0.8661002030492632,1.5776659033156775,0.11171977724136735,207.23542004368161,4.222621422807688,24.84363631487157,15.189998314039585,406.336377497097,10.549553684752453,120.69131495544327
94.49822993811408,1.4846610141353962,0.6448915157586956,1.529555976377197,0.5331180946829894,0.34724118622467876,196.10346736707072,15.413580301808716,28.490090120668356,13.750439089289117,366.78306247745047,16.432288587330802,105.97802623875734
90.9972890382212,2.12808244260373,0.7413431853073835,1.1094586348667708,1.833991603231342,0.3038035492896808,203.12324833616378,6.322618352864209,35.91754475374587,,406.8798700615195,16.819664252367296,125.85160671449891
94.76658373330568,0.7664825757699768,0.3697103424964197,1.3871323353337595,0.49747334436482327,0.3182998719117743,168.0780499140873,7.531463348124196,5.926595622970267,15.965688833584652,339.6504418637437,20.10126406365159,106.82629953550112
94.74533983962478,2.1446132615075904,0.43381465478553166,0.9140700173127113,3.832979723560258,0.24376953073232685,172.37229933188402,5.818587171331674,37.60647473137667,16.958271144390608,500.192924185065,3.30598699177784,150.34045502793794
93.97106618827152,2.9985343144266663,0.9190342832547937,1.4898432816819642,4.831371488740929,0.13258955908517678,171.49455087924903,23.072376697867067,7.226364431315913,10.990987881762752,585.3259594257668,2.8512251270477815,172.80889542849965
90.0611422444871,0.6205300971513901,0.6211112120735658,1.6664958834486432,4.8503722833335345,0.1773356934448209,155.34985475236013,20.801584189340378,3.7980859213135476,8.335722506801353,504.8298647801921,5.992150155835243,158.09924242511786
90.69568410021347,2.942935460553293,1.3025762708906332,0.37822888754535067,4.325355496876969,0.48029788528506867,144.89733265148575,7.0708864217334595,48.815944467962645,8.357431657213978,502.70384871441036,5.632191208797191,146.37407752583894
93.957956700618,1.5172699018071765,0.3176320663859446,1.6825664595910332,3.0039607466980955,0.2634798249083736,187.27328742617814,9.206458466286772,47.871092559086854,17.31362408987965,459.2223493107073,8.067768937667248,147.61393169987207
90.21845403609395,2.676883625843148,0.7549128584063234,1.1265634104015838,3.5043284862193995,0.2866732623323457,219.13733467364688,6.617642530709937,3.4916089745579204,6.568533996236963,453.0131332341172,10.124360636764418,132.23127087849502
89.18644922680265,2.4559637101456837,0.7048146561229112,1.7048652272714262,1.4260290134020703,0.1210839159413756,153.34637639602101,12.821271108138122,22.441045353010626,23.827101948000827,429.98326929725704,10.82490771887915,122.60349071993377
91.89760883720845,1.9175406524666694,0.32319315710112123,0.9194732420479277,3.1538521008631033,0.11502649181759224,143.7347855919419,2.431431714433579,9.71912444583885,,428.32599324107855,10.773209452635411,122.74596448550672
94.55308341912547,2.3461230231283166,0.4492420788006123,0.8201769222277665,2.278247747199387,0.3868725788187031,202.36253454591463,16.770096195729508,24.524572408153695,13.78819473573922,398.74292940975596,12.834347920184795,114.07427468146061
92.87220857672482,2.69628890325337,0.7963712099023623,1.8386153917827226,2.4100866988846628,0.3152378656484445,160.20688053477795,13.509479295988116,41.59377352847957,16.130050503975564,496.42167702664904,7.233799709746265,147.74352258781047
91.99042819062555,1.5103508041275824,0.891437501336936,0.5772216083419625,3.78888280187579,0.30348239368650665,206.3715044282343,21.770056422624272,47.55528284977307,9.267611747684715,433.37085480079196,12.056211038421091,127.67039386223337
88.68023545639538,1.3175829039080966,0.7851476967058428,1.7040034180436718,1.4095917779862583,0.19724981216906748,196.31493336276122,5.616639055225111,31.8955063458511,10.135467062310706,402.41959729671237,12.507643789058163,125.84907831316728
92.30505058689418,2.168983463908962,0.9371252140945125,1.0196390877678678,1.5901980584725994,0.3979002926519689,215.65388296406437,19.690403413344896,18.018330526984943,12.842859818743362,347.2678332865434,14.180604169965699,108.59072406241042
94.93037695072984,2.5196148548531463,1.0141580098868177,1.0767813408473934,4.623208955643183,0.16729463164339675,172.71417886053376,19.423142318267747,30.36461549940762,,567.4203736491605,2.0,169.10855679966969
88.98058810665567,2.4057128369415395,0.31190858535340277,0.6860897348300196,0.2811214742548612,0.17597389746440803,192.95758715605075,4.797986162771513,15.944064652368292,7.948182567477149,349.3604259666013,15.615413203513633,120.32504981880474
91.62830756654616,2.494534122146586,0.8569141913442047,1.1887801811761298,2.428171492066702,0.28428486853931023,177.18838246506166,10.768302931170807,45.53627022118699,8.23906694045505,470.50016359687345,6.412828272614109,139.96624374513706
94.14161150349568,1.5889582870323324,1.456199089065106,0.7179012729248014,4.564004002039309,0.21451194484477637,190.44709578468348,5.743358105179372,43.584822923738926,19.759976725033045,502.7499196432368,4.530301591687719,150.3073941176567
93.18538032427944,2.544585540437554,0.9228387361554584,0.17461188705913938,3.051815039090785,0.19898519249325855,175.967912480619,7.603851010066076,28.132471638843217,14.28442722588686,483.3154016371093,4.21413588896917,138.60753075047086
92.87911018696687,0.8005226384265212,1.1130507209507439,0.6167973501542764,2.73203537106066,0.35809505782133266,155.090579713926,7.791415846271976,16.577546311327847,8.870517846850952,418.23955258248236,8.320239482379094,125.06916415161984
92.91738858790977,1.861222744902124,0.6742366295002598,0.1121201824725223,1.248720896146776,0.3603886980874178,180.63179328027047,14.237200668567,15.022788941357428,17.27229516858583,352.0280522104778,17.421702223295345,107.09541912009884
90.51643805853828,0.514396651245304,1.228789653783315,1.9588740954080277,1.7163774453222413,0.4298068279199717,182.2867361149954,11.051040498730242,2.1541907379004432,9.069325553935185,430.708862571308,10.59695005614499,123.29155430192334
90.05514290985145,1.3114645747506757,1.227505778251338,1.9349196986575203,4.260242079023465,0.2670834267891904,204.8483078608129,22.850121688138717,40.88313212575211,5.5836077594258295,535.0150609933941,2.1759769628181416,158.01106117396975
93.66552808834959,1.4161538371784947,0.9255552571849668,0.8507950651973796,2.7960906588422905,0.1292340364104601,198.8416564634865,4.780143122834113,22.793969045430895,16.09845969771274,411.83736630114714,13.074543873096054,125.1862635402222
93.67079376275427,1.4904317290231384,1.4712165879350563,1.4839046232453275,2.5737109687838995,0.20946655396858307,193.10332991531553,23.421226966704374,16.59407995581309,23.535087217832224,438.9407796296361,8.565661885102896,129.05805649338697
94.06950623006072,2.2386680167246555,0.45066025771518403,0.7570315869798074,0.4978985677001446,0.49200218527872674,149.0709676442058,7.074050084713807,23.819962572388818,15.22921874693781,376.73499950505305,15.52614690175997,109.34970398966118
94.3926838678953,1.4713952531758643,0.3203371978674972,1.3750769984633546,0.08014078227561561,0.3385034300930808,197.6493032530972,19.00322660040077,41.02753052750528,5.726274927606708,348.1731064028886,19.820995570914356,108.3625969918863
91.57939679202656,1.6217340565563267,1.2241898541085152,1.6303170817873602,4.818425943435246,0.38389483392040813,180.0244125083612,9.45733837580207,6.668403281522298,12.068247621184831,549.7760824443235,2.0,158.52225567763173
91.51061406281039,1.0938603271858187,1.268586644837859,1.8988368649152574,1.8849308364342083,0.10294313185016582,211.52796288849274,5.147790699180906,42.95397141797045,10.915336297388398,396.3736238709416,17.088877612260564,113.4724752683142
93.58806625276742,1.4331294790733502,0.44424867494469145,0.8604033241143767,3.0160653104975217,0.30728229287300834,213.58967473044342,20.87356207541728,44.92668733786352,14.172236363357023,365.4872758464443,15.86100678652507,110.53307945685468
92.54974751544435,1.0681740681578786,0.6186993995503273,1.5882661676164906,0.39857536593642495,0.11501146301272125,144.41252724814285,8.79493978320219,47.362041794177465,8.680614223567492,309.5896952047251,18.52806589990441,97.10770487511894
92.91376814080392,0.6829898094211091,0.32106283603995467,0.6052640562010256,3.415571428615233,0.3276920848365792,205.6513248283583,16.49481889299053,20.175655624920076,10.66117992715397,376.2361812682334,16.600473548398085,114.39847421160312
93.5705486860527,2.008621483453445,0.6519703329366776,1.981631377207932,4.662833543529804,0.4683083398544302,143.01579123381364,14.461761071905784,11.248449999864757,6.903073911296976,546.3748465096259,2.0,162.7930176761067
94.23003739272296,2.170531996387541,1.2277702487024058,0.14896223765226718,2.8783262649870984,0.4873676522001632,169.37357005560182,12.378638806599234,18.995220514101575,13.312564825468575,460.93040985605023,10.230668200712657,136.7521798607946
90.36596609796075,2.0487258650240365,0.9215526332550947,1.2467047323521299,0.6305766118770528,0.31622107015556966,183.38399804968634,12.90802839826786,16.97914876345446,7.006523420406399,391.91531714631077,14.473467205671543,122.6268045580259
90.6290806684796,1.6587351095014309,0.7177147118019457,1.3530613651375216,2.9086076373673837,0.28328192210088643,151.84806389017018,18.109234110030325,9.219618668891572,14.511911490368611,450.0381356476368,8.34129120996104,139.30644785914444
88.65787357888608,1.4494644504480745,0.7460871538875964,1.407286558440845,3.8317360655232617,0.47800683769939767,199.70510500552615,3.9310041107156923,30.559700170023653,,488.67261515812726,8.948220670034617,146.8510308066527
92.04796098697322,2.658334123929563,0.30162435085856176,0.32873639969926916,2.0320826828700933,0.36944393279867804,140.66837633377108,16.699974563073916,24.09289594517713,3.4675010758771063,399.05124371146434,12.077158094444544,118.32727961775672
88.2515959165772,1.7977044628405452,0.659760633078283,1.8832065885989477,4.3991887397073395,0.1259597118153638,153.48792387472295,21.70786623076873,43.35219912003818,16.73501543932256,510.7379581108378,2.0,153.39774839647785
91.25918612692722,1.6979546940743275,1.0757504899655166,0.44424823019515736,3.2434147667868225,0.286290231066999,186.46374638827805,3.2713403344370113,2.089424233861884,14.844300809087086,492.37727551964724,7.370977300136919,144.0771954129288
91.79851244295304,0.5641051645160893,1.4690333325796285,1.283231466155698,4.496244591446013,0.19609800738572158,197.1510049629834,5.094373463140668,32.371462413978755,20.929859406344477,1179.556071961714,7.954069686714037,140.7958503784312
90.00578876489799,1.3531195690653908,1.3164729923806795,0.5230845503338614,3.117526556236686,0.2879217285794726,213.3314482155133,17.76590260744469,38.26596948632228,5.2801399187590965,395.8421738305338,15.900064469023732,116.3049687892073
92.13583282398308,1.4504890469646425,0.32831395757463494,0.6837111923404147,0.6564398600241211,0.28218622880254474,196.4397321547699,11.620196261381587,38.0945851748212,9.376252698145134,335.54351965623925,16.393170710784492,100.15883180497947
88.21350174957334,1.4970569522422512,1.3782727256098073,1.1382712292834363,1.5484585555259456,0.33285792112589685,193.74234162038928,10.878069657901143,44.360661371228495,12.840923048940772,427.59036094372664,10.298467809678284,126.00868693481348
88.2614373212445,1.9504309230683308,1.239838095958351,0.8926674952726953,1.0089747412622847,0.24270819613970052,171.54729170805314,5.013265959973189,36.58717027005996,15.312697056445902,423.9396873992965,10.364741460391386,129.80166558947894
93.7582039246176,1.8340063668171962,1.2364513482851764,0.404428641855362,4.544132488584312,0.16570817978237123,140.1027540421441,13.148940895791338,46.426598051560966,6.78589657225549,440.3358732863865,11.640654287588914,136.1927889851631
90.52133448987884,2.0197627319836116,0.8495949108042857,0.42477916459961174,3.8020003364374135,0.3014877738359825,149.61274069884976,4.783996846320299,16.966501691134127,,445.65094023349957,10.649625141344575,131.79670296897643
88.88942358856319,2.4122081538553206,0.7776063515454034,0.8944750975093193,3.38199184455003,0.4320811537383048,182.76436358048312,12.485650038831889,25.40886612920138,9.691887899118555,523.7811532764887,3.5271084893151805,153.07494763861294
91.65570282038362,2.532464346790234,0.6634988745998311,1.5388376587234514,1.5048315981581084,0.365604891227041,194.01039086755358,18.79953657715645,1.1969433325030885,5.800641614393088,467.49839581600173,8.042617742697397,143.80762741572138
93.38995487169028,2.295307690566236,0.3788338307452389,1.8061328290107983,0.9202238602510676,0.23534714637008636,173.395862711717,7.681815873517597,0.844400571512915,9.02255546729328,420.2893668202568,9.074908330031977,127.01060411001924
89.51074719247791,2.888809239887337,0.5738824361924388,0.25984255829282743,3.782255439944559,0.4742092091035429,198.45432092227122,12.577295699954,12.386267712350234,14.965549425231835,1231.4322636085112,7.131531838301077,145.93819124043625
92.360233330733,0.5455814566909041,0.5959243619736295,0.846897424362862,2.3707897293953986,0.4648830284996729,181.7489836265743,23.824351326730383,5.48995625838472,5.8983978963960375,426.53018968497895,12.455826872182081,134.83681647230972
88.59743225495637,0.9894449642088652,0.8808924836522418,0.29046657107346563,1.1289477607531455,0.18373935975363953,145.93409564754498,17.10630931378882,13.380462712819805,15.718222936254653,306.28558236446435,25.07936776008033,89.06050340700683
88.36177204818026,0.5189071874453552,1.1969332879160328,0.13152571320193598,3.0831098908263757,0.1157670340481452,155.3613000774359,20.50984896871437,9.26364307915567,13.64470045187953,407.0825246503963,13.374967976758782,112.16007581671799
91.71948242097703,2.1186867853865072,0.8685717940775359,1.3572654970235176,0.20166926069225988,0.39652348334030496,207.19985785951542,11.126647344332007,1.9117412295130878,11.0061737916636,382.4855771698727,15.666071198706533,111.20587629780184
91.78444585127075,2.7450763723749674,0.3694133393365927,1.2446539397365168,1.6308512706412674,0.43104410453966135,197.99301972995517,18.892940308768818,45.51055524709945,6.3339306297142,427.0013171728505,11.79509688149654,136.1922875363117
92.46200931048745,1.1087057414407482,1.4493477611858447,0.40973631624828377,2.3427849729556733,0.48714582638054216,211.5809589609996,2.8912018047090804,0.9070450037501305,6.540544838421914,385.94568098104247,12.730935986919041,114.1951856389787
93.08263933605863,2.8175863619907666,1.4312691829129347,0.5442443828768218,0.7397916705470292,0.4559345576353243,149.40457992967492,4.704046015929389,36.936066144685725,10.387543438179867,437.22500707545043,12.520802293585662,128.59030566545533
94.83096455623775,0.6506684757239021,1.24222745177809,0.14504473192458492,4.9232723879541975,0.34021390728256595,219.21780276920592,6.467553044241367,8.03132040251607,7.768087470168706,409.4960200876351,12.128826036741469,122.98182163255834
91.61410243810836,2.8360900670137856,1.4895934818770646,1.686399690819367,1.0454868229480714,0.31202093568495237,156.7525371159947,10.84294234153483,45.6553662889802,10.659980162462515,464.9930488526,7.414638386658592,144.55323009524452
90.26069531058872,1.379056718099086,0.9533787993603156,1.9519121324922477,0.6517656502163277,0.11113642050503453,140.94239010293137,20.60638732316679,44.69339900969935,17.50476033250545,354.2036069188409,16.39408439510393,105.84658212206647
93.56630336338092,0.7535520711230412,1.4553220203038473,0.3573731199099125,1.017674369434482,0.19866257873791116,219.79383512428433,9.617853117334471,32.86810674527824,10.922135535255599,291.0487480924595,21.584212935937327,90.27136233728106
89.89582575883452,1.7146793979658141,0.3907260487401009,0.5398029061540665,3.8453056657986213,0.2838459006931706,162.48591083560905,16.40166625734018,33.775590415129955,10.802980031458185,449.73862284473313,8.048091995087242,133.9752556987359
91.07279994493945,1.1419414193012698,0.7388168979136456,1.7499780954991746,2.127528296359214,0.35140156003342715,193.4415562010048,17.604914485676634,0.7642875274995828,10.806403658236784,429.7132851817198,11.053414411837814,131.91004141024777
88.54919466939586,1.2121822549048071,0.5704575216081189,1.8602812161167512,2.82707969876269,0.32290073332736424,154.1345851341044,14.896011789943511,49.251142522623304,18.27183443655777,436.1208636474443,9.91711393849071,131.73757306374085
88.17745520390821,1.2682249123157163,0.534999700961124,0.8972920273329396,0.10504578493180372,0.3970543958726762,186.41828257593133,9.859323299742996,43.952713877002815,20.437019853898494,315.38511707306486,19.405771850101203,92.62557624747333
94.73853890274547,2.5075647445816585,0.4689635386712113,0.19618269731124083,0.17215654286657278,0.21190677235481636,212.32279891636475,14.695173517697974,44.807758173639556,,290.54206170360214,22.736284973404825,88.45307839408731
93.85186084358544,1.847903191688136,1.046896369879196,0.17484448401635688,2.2291277491350807,0.3259810430609893,165.6144933942751,9.529843041374416,33.13260458401816,12.866623166556174,421.3594542061191,11.442821039218206,123.69528672326206
92.87181944265589,1.278269247890009,1.2375862268967661,1.19050474553112,4.083276216008118,0.13525689735631685,193.62031808354874,3.8452222481442657,17.56695296839956,13.35412126163713,505.99892172446954,3.4118143696217875,144.90873475817534
90.86267061089988,2.025834458277296,0.9939580793044327,0.84650070689704,4.426194393537826,0.2654662094332828,155.03228710387333,23.841687520092318,44.7356081299788,,519.7154110117332,2.0,155.81518433425927
89.21306024049592,2.290376685557984,0.47635525150585156,0.15443961239754359,0.4335328379782011,0.4000643331818404,189.98363189749801,4.79801397991524,14.930087943484022,14.739059872596572,326.16790160474886,19.10337120524983,91.40349869197541
89.0950592986976,1.1815600018338344,1.273348523920165,1.208179545393858,2.691815510505114,0.37736034137161767,166.91602814540082,3.5916644443932615,28.35422139543904,,451.8616990748307,7.357800395939697,138.54565740009363
89.75170028715216,1.5338727538133787,1.063145648596474,0.1214748195191427,4.5661484313963525,0.4962570948688716,156.89666068703613,21.32767648255743,5.436683131022178,10.302288543093166,484.51210104317295,4.601808412445456,145.16617645432777
91.84458665294284,0.8047152333423688,0.7657988473523947,1.5960067204836186,1.9398637719894318,0.21115645039510242,165.05456405629081,8.640362539643693,46.13680369157113,7.1404256692711865,432.9635112254872,8.753965625817825,137.0055131097653
93.00217145890043,0.9528733738367008,1.1089563546432755,0.6822223631364059,4.147829157141843,0.29927571966959166,154.30728548062396,16.30653342961717,7.46813765967506,9.321990756898193,468.703246284166,8.01370976222219,138.95978833012856
92.62138163702411,2.2027946349124568,0.6118859750913994,0.17649020571754098,0.668478271997181,0.2318121655095987,212.15328862703063,9.238126052569122,11.63239188365516,9.726763673849119,292.4552231814327,23.990667087495257,87.63643097021219
89.9595372786216,0.9535958692390674,0.7142306501930527,1.2178692198679912,4.676972448338994,0.2762412456236699,171.7749509053703,10.611993957478365,28.127640827346642,23.145749831714095,517.1731122540401,4.321672316130573,147.80380342047945
94.68405696464237,1.8129084591676503,1.4009830117583884,0.8556003874228039,3.757116587656513,0.44278005194775527,159.62234439794938,7.766485384369523,38.322603510542585,16.355520699546133,527.4092893632271,4.5809002757965995,152.7023202531154
93.16527841687038,2.272615654306082,0.6486054068057044,1.950220785378584,4.706671963934508,0.3736836300753946,175.87262728127462,9.546968127446224,31.157889643846797,9.440579729291187,592.2185975921052,2.0,169.27196546588894
91.8804783675798,0.7671923077368596,0.8639859217895238,1.1339774587570342,3.3830861677625323,0.4529764765390327,165.64289334451965,11.035408812903949,11.99062868360773,16.83339095662318,456.3421577012208,8.777077785295104,142.29011636609707
92.28204522364047,1.918280549072259,1.3681693648752176,0.6229544439703157,1.8170196599971349,0.1814044433327546,199.55354030506606,17.849153520031543,0.5466806051107715,11.567131161847724,416.35080665968115,14.997926804922805,122.60747042293374
90.93720043699453,1.1414069592534095,1.149265620321033,1.447933842804552,4.690905862623612,0.4493444471365752,217.69759295083955,13.25379627316542,37.97895372521824,23.425394684270035,449.4086274649749,10.704719778016022,141.45798699645948
89.73411692650811,2.9073171880939497,0.37464387139764327,0.6158348048311515,1.3778338815458924,0.12390490967135377,175.04269253581174,22.75843477745349,49.26776263259914,10.660224751271295,393.9415779746875,15.358727224842688,104.77941772203708
90.49180875055883,1.7088641167998118,0.47676365313476443,1.8180622536743738,1.6608626103086626,0.455439712174861,208.88267199777923,2.921368664453061,40.59069945515147,6.582695402966144,399.26374982015346,12.530490753721383,127.51949693876658
93.30492277325058,2.5149813744378955,0.30940990892630016,0.8119717439640152,3.5040420900087015,0.23162951178429117,185.26904588476955,13.06750309790462,23.28022759875246,11.305615773776745,480.6633338268112,6.536397740550135,143.85888569451896
88.1007544204083,1.8755663553906543,1.057106148274996,1.14475026927479,3.8265814976269312,0.2258350533656266,152.57885320753869,14.852945354297798,45.236479439255774,,499.62881239013103,5.841023923189299,151.58788066186597
88.81250848354841,0.6085313321370479,0.837208110492502,0.19608889726603485,4.647017419245769,0.3048354306794656,195.24981936650732,22.244333693634026,20.787459819358325,7.11858764172483,472.21670886298807,6.009859766467077,136.35029900798057
88.32201849415227,2.082878438985056,0.4611298210827306,0.9096303521092384,1.0240120452810475,0.4762760750892927,181.0747597700656,3.081487519671407,26.484237170051642,15.399956779833433,393.38174333627234,8.80310241101575,120.65097259506832
88.2851016162328,2.8785083555166424,1.4495209452681246,1.6814907253558904,3.9899901760961196,0.11911254587256215,192.04852186016828,14.616990868574753,24.11792348608632,21.539480039261186,562.3630382322084,2.0,166.83934073938647
93.98822408807705,2.004029550365828,0.9355916687347439,1.6307327301903496,3.6927302669848174,0.24089239002829813,211.1749930057332,20.779858427615054,22.657381696943485,7.775721650252739,456.51977432442925,10.401151030145517,130.9861611871026
92.92560501566017,2.5479721485669753,0.590271952935467,0.5262052618216999,0.31897278126798934,0.44262879547333434,175.2347656524837,7.322410018623205,38.87194308004833,17.976838101747244,373.15597979993396,15.257925123595648,105.9084621754705
91.31921680361128,2.7105161583710196,0.900724285385649,0.529550234920069,1.9361157060510348,0.2584217909741867,212.09420985738845,21.278431667526625,26.575060909839852,9.557705321033936,402.4961590956463,11.608492390722198,114.62209554578239
88.68483912455702,1.0701994298723312,1.1155443992821292,1.65288009320515,1.413827285300493,0.1796627590388268,200.0535211425324,2.4189550040344203,16.177497540248197,12.06263402338943,383.0242293971517,13.696669357342316,116.80846679812966
91.44131112581783,1.0301120997705666,0.39148706156827734,1.8677569983217184,1.522452121770152,0.2699176725325647,179.0883940702388,18.114001840942052,13.278829299094676,11.566246942572253,381.63317514633786,10.41279990713539,111.31179446459336
91.31430239546395,2.0274524721274796,0.6296445780574704,0.28118575041870675,4.914734397773504,0.25422100059666775,188.2577708526371,22.528490865710367,2.3684921898879527,12.062671135608593,543.3694184909094,2.0,154.81035676872364
89.2124130893701,1.5275711745167617,1.2683585890607922,0.955111414909828,3.2138870673996394,0.4661664805866814,166.04649060152093,16.45834855608137,29.368160513210775,14.720382069878536,483.8877995951822,4.058806418234829,147.0128374487432
91.03696154466581,2.5996532571668007,0.8515978444831935,0.741163130032035,3.588380788967498,0.40477375029723883,218.68778397910194,11.658643367569855,11.883090062351194,8.08755890951511,426.31824829513744,9.495256892254057,117.0318268725279
90.78953314078161,2.750057808495028,0.9558925704387538,1.7543080653691348,4.883088186575046,0.3020462222976026,193.38809304403168,2.9873823623997966,7.832629139810963,20.436449437008662,599.1568845076628,2.0,186.3924258372693
92.31095068636552,1.3835534482567953,0.8193792026513631,0.25869733789203564,1.8860089122881933,0.49534822668862843,143.5077481997304,22.242503893097833,32.86458320947004,14.900832780327566,343.55995158838124,14.953249004052449,113.00003835788063
92.4456555560735,1.092176397436205,0.3526799311716061,0.5011392908602711,4.00920084226403,0.2861110125103693,166.1297524598407,12.346516899214645,34.21985826216667,17.01734487251115,460.8400875201107,6.124568148874245,131.68990787839954
88.31712806840432,2.4513137881096547,0.4988997357841871,1.5296898414143392,2.172654816522477,0.1232951323281101,189.8651547007246,2.6379283753908562,37.73166716675446,8.917125299686028,490.7181230531636,7.008187427965111,152.4776900740193
90.6222883023853,1.1870150888703401,0.8346499664902691,0.1974583130643096,4.347668359074898,0.20490972872599397,144.50666222393917,17.17606356923276,25.42705636876028,7.799740435057469,417.9372241389822,10.545442610961953,127.12665725372216
92.38101940999965,2.556535796284196,0.5510225584895134,1.0358172233571497,0.9032877065565159,0.27442819208772506,141.91073530553143,12.60041957867768,44.75570295759238,19.552152305992006,362.71114050733706,13.767258307023312,106.31314876945471
91.52195381006061,1.559345634121907,0.3599748343916145,0.9400033658914679,4.738430885321398,0.16276104965844806,176.0019391622242,4.735596983733036,46.84896629321228,7.666807538310587,545.9236421277745,2.834136772567012,161.51023053518318
93.99542888831826,2.168874748228676,1.3123795968621885,0.7353622400786224,1.0938585420543983,0.4790260505296172,166.6152143754136,6.71397980482571,40.464861519728224,12.932222905981302,409.0830281353447,12.53130196479622,125.99730000515393
92.61085542133262,0.7388382845866704,1.477431034996939,0.8496873991059551,1.6311025349046577,0.40673955912710924,175.06388864265327,3.418794970028618,31.961877359405268,18.312764542415888,384.6533719967034,9.500399160255471,115.19625761099373
89.14054098957001,2.059648311691433,1.2517714487960874,1.1068871151674426,3.7809611705339026,0.20731488017110908,161.01546479040042,14.634457873588618,15.534187202763839,11.57999699166933,509.0175425021116,6.269845284342614,139.73421696409923
88.493981231803,1.629419196843073,1.3245419060456005,0.40659798093792787,1.9687757078270334,0.3363218134071664,153.17741975543848,15.684648543544203,49.15577362020095,19.45357436601089,410.0805653410564,12.337701556988394,133.38924161733453
92.4969349474442,1.9665211579386852,0.5903725563804545,1.1867921687388263,3.0410568838322334,0.38857966284382883,195.131468558427,13.126330563819776,14.069740276000948,,466.8423306483296,9.193361406281756,142.21857012442288
88.18557917379135,0.9200355193621585,1.4527523706158396,1.630321425669974,2.2228675053471427,0.47651157156271917,181.16568930142404,19.976246926057527,10.531517638526337,7.308461602267813,442.4571604369573,9.152982488321529,132.47709422700194
92.10042906891424,2.342184362360455,0.5363108453441141,1.5443057666013023,3.711849685448909,0.4526541396701643,156.01233689994933,20.9421940687763,22.386628632435848,14.149354666529247,511.6774400841196,7.275186053032495,149.91111582681168
94.58161168997471,2.6569926938580712,1.4417157724341987,0.39240981891816995,1.1416562618430541,0.3060768904552855,165.56715410079985,15.543736727028787,3.3136082502632287,13.188146232998536,430.22414749139784,9.818290913769511,128.1224417290872
92.02831924513116,1.041849500226939,1.4937831527591412,0.3835739925088004,0.29228993618438504,0.409861047917207,187.34463261306607,2.280642553563472,48.93547600125365,35.701421200212046,328.2030671834496,13.47207668629762,104.80685644929083
90.71718948344565,0.7392863888004043,1.1540673668952584,0.6095312987153353,1.499646987365331,0.324857901531034,145.77834786179824,17.295052426450184,29.627461042613028,8.34745292623558,336.7556318850118,16.280808916749354,102.33478173823454
92.50301752909647,0.559096465115841,1.4773724781501862,0.7860419800479707,2.3715433243421513,0.3210815560182161,151.79624074129435,11.195982772247735,28.069128537376674,11.015035001473303,405.2908747969501,13.581008274846202,123.46413556132505
91.20777023344061,2.104928751108165,0.9834477354805244,0.8760656046761168,0.8401002609633929,0.14589678333527678,145.85964832859122,14.442264630980514,32.96191585503613,9.094353731865889,391.1978010090985,14.022348970959854,111.1134872044951
91.81931752521155,2.0177350902219517,0.6114501398113084,1.391424711983356,1.7739864482819434,0.15045506320646085,204.9853866171295,16.27977324441546,25.102670564971728,11.507582516689071,392.4432193131022,13.35951397526221,115.98481441279704
94.59025366143568,1.866743531785175,0.8243950627987451,0.20769282111508727,1.9999150914678427,0.311813446008983,200.19273865696073,9.705205515195688,2.0871440961798085,11.323486579076443,359.061591391413,14.30230054609378,107.97373495114064
90.70271846460543,1.0798677402899386,1.0122731224545432,0.16587813802952614,0.28695921844136774,0.20754461799160265,200.26503455034057,22.176167113779474,30.80940879759964,8.594135664433589,303.7784481271736,20.734562522199194,94.61636615543978
94.7283339467674,1.4772649897637866,0.387697874432418,0.8446300695934271,2.9165362409210225,0.10841476098418745,197.30602747808223,4.947447068495187,35.950606909343314,14.69188122919632,422.51472702557646,11.170070611714587,124.67533705827967
94.33745449369245,1.9861908379654327,1.0468119175406954,1.424611015062163,4.421717139856438,0.38913568156008493,193.55083389358953,16.773259760182825,21.129078500890632,,532.1107557405395,2.381841402069511,164.27257054953793
89.37053794352508,1.7419171471479236,1.4774134041147535,0.46752715161731684,0.7587145647652621,0.11299463867606599,178.159353230254,2.095910759044769,37.98613081752405,20.867505475858362,365.46915360141213,16.837807948290823,103.91898003869643
88.48552910612617,2.969463800537218,0.5281291797404731,1.3188585143868783,2.9890400670075703,0.3381107364416218,191.3822530805692,22.342324318913978,11.73656431725182,9.398754219799464,520.1497843781123,3.7515550405186504,156.3926169288685
88.70544600964199,0.8410993813918328,1.2511141395460599,0.593673462086569,3.3236960245542315,0.3156775176509258,143.06892438303797,4.475090931238013,11.453191257776108,,410.20330808387985,11.679144001532654,122.57291803067167
88.12755277956084,2.2378613851189844,1.3894785525355433,1.783563606745681,2.0966734020964415,0.48752587623112176,189.71715381254276,4.087453063246642,8.49014089053491,,492.9044662444521,3.562513000448715,140.2937075664077
88.6611007252915,1.5107969202607303,1.432441911384265,1.8018108941065714,3.50548793682135,0.2936852557390567,202.23021644295017,9.326167927149374,18.91374060956351,20.25766774254435,460.93474513962224,10.845210929955115,138.0418827585072
92.7810474139145,1.5704990373140368,1.4521627252865366,0.6648456881345203,2.05365771745506,0.12544057455111896,180.0286688307512,10.218458292859774,42.42709575175964,12.758291656691762,436.90369684700516,14.010907057542283,128.15808645127086
88.49832053922161,2.2939944141454407,0.9257515664657663,0.536988132530157,2.5231864398871746,0.3206751871225847,168.60106627417895,6.71460159110333,41.481647076378685,8.915026644679266,470.26070669049585,10.867563109944454,148.14708564461338
90.23282941205633,2.231090378310924,1.4727694895898045,0.8814775469258394,0.0367652227721349,0.4364384682464406,162.19413878407832,14.872676540396743,19.44979829419344,10.963719911705693,386.72985844440166,15.459773097936223,113.96767735371505
93.91412717678618,2.9781399842554706,1.2087722485613266,0.5570100118422826,3.458600570673444,0.49873971371257597,191.4241640129666,11.744110156923199,29.66137743102171,6.99567930027669,539.0634000742527,2.0,163.4733726952394
88.16290355015079,0.8209857236353131,0.49400572348435423,1.377529302254237,3.306713394723622,0.272137269475629,195.4240958903927,2.7518629589039234,36.180407665508326,,419.4492327730536,7.8493914222891705,119.67955991783937
93.70127937812255,0.7602741234604158,0.8722801277615639,1.6695229006417425,0.1920043866317228,0.22811949699869702,209.6774079890034,9.032345369616614,12.439735344087138,,304.07285997740996,19.577325423551024,92.4047024602891
89.9729834234138,2.3108470428218526,1.1619974104464048,1.3788750487313124,1.8412505369756653,0.46266131878079964,167.38672659687927,19.829524098609753,8.82298375178998,,470.5155404376157,7.249253653229196,139.07943058823696
88.8271537933516,1.9459672925160227,0.5968083789829,1.666265849773764,4.895159203958337,0.17649685163044856,201.58178459084684,17.17343376696111,48.618751664009395,20.73997277365265,525.492521004574,2.768944158117469,153.7663738815323
92.87716015754906,1.1854016663995146,1.0687382202586648,0.8542851081942008,2.103682812843084,0.3461715660131707,184.90846593514703,17.94715877875737,31.069087003876113,11.477016468087175,421.5777048730798,11.661287275505366,140.64277262161116
92.40259992745919,0.6985484224724665,1.099920574855943,0.3970022443468356,2.509727025659209,0.2622857696723791,210.62691925424633,17.358572329837518,49.08007823076636,,361.0379809830105,13.332068468352782,106.5441491511538
94.14230409468937,0.7141456239910764,0.49523969257027906,1.5021068000554252,4.549650790798593,0.11643294598222212,182.22496866364966,8.841406470426733,17.21892136304534,50.28093625559542,460.640872370904,11.363568904490378,137.1325170646515
93.1454973066272,2.7354771866602956,0.9781023749433075,0.7849015597689524,3.586309379328782,0.2389153897222791,181.41038627183738,4.192606285689069,35.30006914871951,9.241984020213161,530.7756302638933,5.548426957701364,163.74265634291868
93.62436651269394,0.9796683117968572,1.2259522931743292,1.3754145679353518,2.9103506556211176,0.20609140900106984,186.23016651527274,7.994278048728112,11.518880008791267,17.948347394130728,452.39573562657074,6.1856333660345655,131.8765872803412
89.97424200799915,1.3084289052888018,0.8986747974431302,0.6142234897653547,3.9890234067053627,0.37443646157739474,199.94522841139474,20.299276604073505,13.42940847805869,6.674546965073714,452.2515414088368,5.0967896309697664,137.6918238097054
89.24207680645806,1.06664100556747,0.3145237401313289,0.2543363061326781,4.321831332279866,0.47951619907676724,217.17523830627687,23.570357551227566,25.839155002846386,13.43797789302172,362.8803952521492,15.790077707797836,111.41572063786566
93.254303261486,1.3874907645798433,0.3108461628951506,1.9859054114267505,2.2844403586863344,0.2072188749514551,145.88506833726126,12.86463432431435,16.321097212649526,8.865627107859106,422.3569926021582,13.735621583879038,127.93059991295598
93.64784317487084,0.6735596068652334,0.7284352127640146,0.39678286506813865,2.375541824659177,0.4245863756606727,144.27476819128137,2.213407808306929,8.797267410108931,3.939075364479124,369.4008580720679,15.38357022397654,122.30195400126715
94.93353599400471,1.797649477270676,1.4114328821181383,1.977999888530614,1.930254678259179,0.12214392677536381,215.0040269925871,5.080985866953039,13.512594748471637,10.87945340857075,428.5407941398562,11.236647081899967,124.54089299431352
90.88832373837998,0.6690314089805373,0.5744121355243306,1.9568318718762499,4.833530700092303,0.31524840401592524,182.3900500414565,9.085772656957847,2.2695455260602997,11.940952237964924,525.8203868411291,2.054945931837006,165.43411906020862
90.60412660054948,2.500891269555904,1.0612364266460246,1.6082543974252754,3.485831271451752,0.12822002548395783,189.1922411653549,14.728877669044895,35.36896926313559,11.161224024321891,518.5375373396519,3.8095551004505572,157.92196321402338
93.43489072519398,1.0842802047760824,0.5664910448319846,1.3529036279557953,0.41611533104036147,0.47361319645225575,178.5938881275783,3.6520602077169073,24.85977452575015,13.426701040739374,380.0438783255484,16.48544399835313,118.5604115636142
90.38562478177113,1.8500297865112765,0.6860039875914583,1.197833395477061,4.314798116565092,0.40654051222295606,147.49259620859794,22.753860571617395,5.165031787024018,10.937494680284871,500.73098860964546,5.765739321502835,151.92546844131078
94.51530127922496,2.7001977189036457,1.3176505075217808,1.745592936217886,2.4027997041813403,0.363179964481837,201.44715027349332,10.031840812256815,8.998852659860315,12.524164353410915,508.25876859263457,5.4903159681026,161.8690173365113
94.00888926290108,2.127193422617985,1.1746337307239363,0.6499350910770271,0.3437695321124373,0.42955855264986575,199.77797160708695,22.076852794346106,5.575459636575879,13.040303107411008,367.1919380922184,12.298175994143548,108.55719181130486
91.00295819162513,1.8323944663783382,0.41447913277585274,0.9885943037212663,2.7485862758165553,0.3590079182280653,164.93626571942497,19.17147966065448,30.823344009655887,12.012271646892907,412.5911981733,16.269268779053508,126.26346064420682
93.25609747454048,1.310834382788439,0.8144424251837203,1.2768409417963538,2.0858213948785105,0.48757775886971644,164.49913961827204,18.619619995342784,5.163412998818443,11.378091033360903,447.42266292979355,5.903679279436478,140.75416358179146
93.28180011859277,1.3325047826454948,0.33500371637431736,0.881261904152033,4.388747024313124,0.38558317914590867,207.02731047244148,15.347830755209104,37.836975485243194,,443.82350644843234,9.806963524966749,130.3528384491734
88.72186708185153,2.173717387995475,0.8770681759236107,0.9122242627715091,1.0199730180469369,0.4698634438328987,145.78858061930612,15.78924397514058,1.5152905063593631,15.452614952353171,375.1957459621293,14.683444830526685,117.56090717512225
94.31787034675696,2.9853484030529187,1.0949208140412816,0.7275408682539604,4.132323047460915,0.3068527568042552,210.48841186852525,16.03607117475746,12.84410150579666,10.878638123058474,503.51732761585976,4.504800810549733,150.96200700678622
91.53676660713501,2.1545979746234467,0.44220314831778185,1.1720404517006184,2.7884434559272635,0.14682576519274507,160.53293519167315,15.831870514562807,44.588000456649404,10.532542076471575,494.3037722586919,7.195349582096677,142.11671354093568
93.7852022627542,1.8944585434250623,0.6466619266909988,1.7160916032287203,0.27305151606734523,0.3112710885692068,187.43877982043952,14.182021090763948,36.06730024705118,14.953086362796151,381.42024933672224,13.070758451068857,107.16812690826723
90.24034720721428,2.326626275598115,0.7774039506025883,0.4829039182119944,4.859226506627423,0.15074913122523734,214.87953432014223,23.701108406623554,4.111932479821542,13.260414063793723,449.48269964546427,8.175968772488684,134.39071072676236
94.2686625994734,1.6630140307092953,1.4034372295872597,1.8754227736315388,2.563076220516,0.33699739167056203,194.24980012293173,18.110392483365313,41.1457421720164,9.213887635933427,480.79625286088094,4.243089378438476,149.19330146628602
90.72441175113914,0.650355856501963,1.4919060185075568,1.4092665421216364,1.4543842711579125,0.2929972242110652,173.1543849973629,19.092820544635465,24.905238516240136,20.090829299136605,392.4526065018041,15.848109180685885,107.34093412570364
88.0758635603621,1.9057420396947746,0.353893558794739,1.6642191040920573,2.3470342099462904,0.3490301591331127,195.16273671243323,21.19418193184083,42.41575984485705,,437.8965746980698,10.5004448662885,132.37122260506516
94.33767383493485,2.8940632112634503,1.2132095081944705,1.1567623159970222,4.289288917587445,0.10401879242193264,167.5183709053096,6.744074779968682,30.236618835294472,8.064003799005238,556.6132569450032,2.0,171.44586275792548
88.63900673750294,0.9382573558941492,0.7460688796828119,1.5810817327057207,1.5245156219253175,0.17793619666214566,162.18067330793488,3.843691500091337,34.25073508562651,15.916265713037086,1008.5722973215785,14.349654190977521,114.63892625198342
90.23519546313291,2.225012227051664,0.770949823475376,0.1307807549449877,0.9633819824335016,0.29653217276485233,219.73466223477436,12.62367760516917,49.67832723958755,24.54367635957299,303.189566070468,24.72766023559025,87.78703669299038
94.65043376935563,1.0023342216476412,1.2051179680164272,1.6549228070811168,0.6453562346544073,0.48020142463565396,200.06321849438302,13.30977530362401,12.0006095232389,9.670104568493404,405.3724491584726,16.204095717733928,124.47356945543002
94.6542500285629,1.8395692111827031,1.4021117185744905,0.17626383226219638,1.4892969919510564,0.25344361614206334,191.57759819054542,20.24199915889819,31.38530595068872,14.369796651602199,384.7970921074842,14.862315878976021,119.6818173689552
92.014065216863,0.741691124116799,1.4411143134030582,1.7908354150894388,3.9002404352002173,0.2697488104214539,168.4231714575455,11.763238744211385,23.285908807841217,7.561386529080667,523.8902662363066,3.404704096601393,165.18757098188715
92.4228604851886,1.6259273406454628,0.9925471032459849,1.9847292197534223,2.3581318259763084,0.3858784356026489,143.93286633240385,14.55876656197488,2.4528716696732262,,465.6389452565911,6.684600639549073,136.75997957047704
91.13911865384824,2.390408322238115,0.7285453911606034,0.6587281781358778,1.1374080184677,0.34151710291444726,142.48455008281246,13.595560647296082,1.216296754391819,19.161044327888735,359.91806795469637,17.694870121413572,103.89753611421801
90.05247540188645,1.3689288105974553,1.245058903030535,0.49960525694300795,0.830924998048746,0.2195704600393333,184.33450043590392,2.8404612426626032,6.401814601984004,14.10183897026609,375.66338741040556,16.361154925091576,120.96244354653138
90.30065181758941,2.162279311218045,0.6012016599147603,1.5541903913302775,1.6636473825518956,0.26432655822697115,200.96261768312408,15.534727725132107,32.63004115665813,,405.84768649858813,11.073402411372598,117.97959661867768
92.70762919253927,2.488624901974323,0.9768888346002214,0.5807500477484812,4.699621864428544,0.187079919542893,182.9903352355084,20.21695228703355,28.574572851712915,18.81253685871732,555.1716377048785,2.025834886944298,169.08791884946675
93.26662170606376,2.8179445486986316,0.7302941538298477,1.7445685280271865,1.7151335629501219,0.4864085836520834,207.26280575512916,5.465012057667684,27.894763277604508,5.28134142255441,442.40856187686506,11.624024037238824,143.63814284522013
93.54105330608094,1.0866052046386339,1.0879572884494513,0.29540092509920574,4.9406203797731765,0.1522537526229439,142.67412264745772,15.075298146385107,2.0769097451488743,7.550533809282204,468.92410121044634,5.242778657265109,144.44077383116482
93.52732699956188,1.4982897895232703,0.5884786954722083,0.3393148731207807,2.426152278826781,0.24873471382656778,169.3401661140752,15.059431977821117,23.73049831982035,13.596199710354217,414.08071387687227,12.253370831690443,128.14056524774531
88.63844272134084,0.8810400333260435,0.5299115348817909,1.9603879546911696,0.8958195914507544,0.11033558888800449,158.96563129393425,5.612069209239892,46.26882948320516,6.1790467229627914,397.48960259651597,13.069373903573858,125.63721130278194
91.46094213291806,2.981208755395938,1.4018869040105244,1.380293906713009,4.455700458967547,0.18871179677341857,175.78183745256976,4.716198622076193,20.18079753087701,,622.5174033249715,2.0,189.37955888691798
88.40291132011652,2.8175024198107383,0.4221644195394443,1.7090857264150103,2.3017768656741344,0.41218845535206194,145.7901114555298,23.561142745482666,31.43366225452859,,443.9193496080517,7.581145572556925,137.1161568904303
91.84670217626615,1.849892825701399,0.9071494892819179,0.7162258169678841,3.5483567175226223,0.1804700929155518,216.3305313256858,10.661821732366827,39.10102444334561,9.809719200404704,400.2203145911066,9.329263314453005,118.3531463066455
91.09071350961364,2.605083235941053,0.5650233395556107,1.3853191240891485,4.918557916045759,0.13202536101158624,157.86043208554887,7.003278031917644,39.30430131752343,16.18555910543312,555.5732780105999,2.0,172.471795737387
94.2139292793081,1.8023949431801054,0.3467159559908009,1.2290594718863348,0.25087675159987,0.28978127193780934,213.7846220386868,5.7691399779962484,26.20436407856593,12.046000449527035,271.14126204423235,21.517782409022608,83.40978669266751
90.45640508786455,2.0589642200068994,0.34322258194971167,1.2459852282335993,0.4834727989378357,0.10398769389380741,174.07145240293454,16.687237698831172,42.968621297415645,9.28152159450236,402.9910559649177,13.467161657900295,113.50697133651259
88.81946911499324,0.7228110802900416,0.5102661265269928,1.396811673121671,3.602283707313781,0.13390646177053328,218.84193066041746,15.407796541200135,19.873215621505473,6.260852080341927,394.9917129052085,14.139689200216168,119.71223343331663
89.00094177436985,2.38817605124202,1.3401244254072002,1.1931824289452873,1.4091250164773599,0.42305034782519,184.32467067681685,16.158146705723183,44.49031413184752,13.374111258688053,448.39110351513847,9.753896179095983,123.66909064361874
93.33057442202231,0.8192837090880871,0.6389744927724319,0.9152185016750652,0.9215069847504953,0.40858933794384256,214.4666291340646,3.9361326052519496,12.391244736579493,21.798523009185246,256.15357864086695,21.71425236227439,80.41563842055439
92.32752644321383,2.565169075631321,1.440551004690355,0.624253119323039,0.19680939909864748,0.4660555281619584,140.42791909553782,21.657760836965615,14.370712146033267,9.387593791013373,348.83660025375644,14.853955230756377,103.48322235824502
88.70785873285953,2.4550702191759646,0.9979467515870322,1.5603045287350839,0.10923355993100903,0.4418061743642998,199.859104494472,10.563860729799062,3.1294708978505543,12.521402018260035,389.8354616211595,12.579817700150784,126.4784018220665
88.58874764280498,2.271861744357441,0.8239370277225193,0.5299176170060538,3.8724280155989543,0.37327022529592724,212.24405224820123,8.894126941467874,39.881300908843,6.633181004541621,454.558574860737,8.681600036272929,138.81572878167188
92.90678392021384,0.5904009513119053,0.9961066016033455,1.415473181693387,0.67216713684775,0.12093314292026514,151.17764535831634,12.171951839450262,21.144234193518926,9.310380155645705,373.61183637044894,14.440837999708029,116.70445886625436
88.50934104454936,1.2578208898633214,0.9200380622715212,0.5433323630337206,2.3386030798557544,0.413139447194663,147.69006813857212,10.58145344644782,11.841272388614252,13.962185838757595,402.2809870409228,13.438799235855754,115.43817986204175
93.7530204150325,1.1577814247771072,1.21053150450879,1.2881273229134624,3.029484075897415,0.43820432433622425,173.96580857487646,20.99869406906121,11.973618742020694,16.403362235214388,483.46307747109546,8.273894435787382,148.46179686650788
92.94369559009547,1.4003410186787977,0.6389952791674227,1.519448707545155,2.141759002844231,0.41963285830878183,214.69431249063481,22.443741454353624,45.11929709084704,15.216486831234379,361.0093674747679,14.120662986765904,105.09952012941655
88.5694414644933,0.7191068669095964,0.7236604699203628,0.5155563889224245,0.13553326168116553,0.3033916141232105,183.3909248152351,8.675970761891337,41.77887172282133,,320.37883628321447,17.447152099041894,101.56623925867768
88.59386399859635,2.842394557577657,1.372913163039901,0.21389227163648572,3.9175075129395442,0.19316073545979268,182.19651709773856,21.006587764119004,27.899778825180572,10.147486753616258,561.8280199350886,2.0,162.95664485052419
94.90647704950823,1.8845056017809407,1.4357478157804866,0.34885011168893076,0.05256612270826744,0.43813199027549066,151.29008946394575,19.193508849727476,30.997484620578195,8.273747546263884,350.58410950979777,16.789209966597863,105.724269617224
90.61989557029284,1.2638107766450588,1.3710698729837694,1.2513942378149485,3.80944947188742,0.39086512389605543,140.0631608874575,22.477768791584758,23.979115742239404,10.76595337830848,458.25749007709004,9.826127916846623,131.68783486354405
90.59449502946823,1.4924537926857084,0.8033375927487763,1.7139481718288976,4.466522468940614,0.49230446975554065,204.8112072596369,7.406506868089532,19.88749387250104,,505.58618459874936,4.568258551656175,152.30490514705127
93.68959697080251,1.618006351262089,1.236438603608258,0.1854939603473063,2.1641996052858614,0.16227703910237318,147.00596503889906,14.69310130266154,45.81610562030741,18.662958983942637,378.60718860475134,18.19246737129468,123.6945911114283
94.630740041687,2.001485833401543,0.8716028799613185,1.494887392179128,2.677712365488991,0.19026583322082202,190.7079854988259,8.039980864289781,6.717828824254952,13.709579398776524,492.04009736389025,2.4610426731660158,151.2183696104497
94.9020074467601,1.7891985692412444,0.8970478225753227,0.748505427305099,2.3849169630882687,0.18471925995260108,213.16931636121532,20.13007879065623,21.213116090953285,21.480225960352865,370.03916963391026,17.077300149215343,110.84860838062629
93.27364729681258,2.7984799330360435,0.5456161308687407,1.0092039028470927,1.946043093117194,0.41701590704853475,156.69215305267448,2.117132192563414,17.55581444539983,9.20913452135698,467.97672492546,7.960514398173518,128.0822218607128
90.6338170987164,1.7424087072645755,1.0093563639102197,1.8648331447065747,4.437122676851802,0.17476291858004728,193.22182689895286,14.426021583500715,25.158460652431845,6.911380334695977,564.0456565874651,2.0,166.5352613855217
88.58450501689069,2.9803950370582815,0.5233630773040175,0.7307458589981063,4.469667553349953,0.12666393192932246,146.29588613660076,9.462475487982196,23.152777789986168,,495.0046660588759,2.0,150.87466804644947
93.44002841149205,2.6285623943627394,0.6978776388806325,0.9841401744850234,1.6790818232076727,0.4994243226342515,188.30041150700904,9.099041555712045,26.185031816728532,14.488889222190126,441.3129387204012,7.444926769206625,129.83959323810842
91.90882974815064,1.0212762858933395,1.3260362419439222,0.1259965880452941,3.07534877007349,0.10992688457805966,153.11453767625622,16.187939125028173,7.425989372736208,,419.18426449546166,13.88343426330858,132.8910305884557
90.96955406472884,2.8264880366097906,0.5484909710530262,0.25503756800919286,4.634537810729321,0.43409762406354624,198.87628484121424,20.732657884907866,25.900504324907217,14.514224250988528,480.86389001509195,8.721351910649396,144.6168578167806
94.34448069566315,0.7909159947136902,0.38538994220811934,0.5913240231560897,4.810292494706758,0.24614673662026113,164.09850358351267,15.402298610653178,12.499731287416939,17.01514495015867,445.63701212209276,9.091734060221855,139.0840792171872
88.77838237614306,2.543624271227979,0.3828091111353795,0.15291925756004138,2.5447952021102376,0.43664618390312615,177.0712807043717,20.769805530227895,9.624401774915468,12.777378787367294,449.7022488568439,8.299274124467258,135.93517894693878
91.44837573003602,1.45155823369145,1.4289414246037295,1.299613119491677,2.264124026421634,0.321848196484458,187.95444336220973,7.821136461382659,3.7092938299164655,9.101010295003928,447.9885946778699,7.448718432528002,133.0166676878272
88.07947551337193,2.6949358011126736,0.9083045255542015,0.9101568779230828,1.393471579642629,0.46065249179454404,153.70187285329916,13.429040804829585,38.25130165842897,10.211299263107785,424.9373762803981,10.630231258855137,125.12458036626747
91.28062449395888,2.6701417252686257,0.791294486180422,1.1414758851832418,4.79435936595205,0.4704771945658507,199.33102548940968,11.911803859475672,21.65837508239972,13.68429191053762,524.1020025188681,2.1235164274939065,152.16983056404902
88.39412292977286,2.514813500294053,1.273054297209502,0.43182965320302613,0.7140715223643368,0.1036392725123104,164.21122725094517,2.256187789068117,31.518862323932037,13.191269142352702,401.2960508521384,16.316200033828125,125.87188117295177
88.8317254138765,2.4750760907676534,1.3029911134926193,0.6622708559295706,2.8991478802386252,0.13016487039711533,192.98974879302028,14.249867149096282,36.51587049358479,19.784603280633515,472.0945226927667,4.759326984281193,139.488297147559
88.82268372743974,1.261697847745102,0.6986292397387255,1.3612665022201778,1.4127513375931944,0.2001434918283422,152.6626440559499,16.553535131215845,34.1261749330209,10.909521227274313,380.07455217786816,15.378911233923002,116.6338498614434
92.54447211481245,0.7022982076281304,1.1323416689685541,1.9340751748977596,1.395041451738983,0.3677261665454007,195.04941273650803,15.022116897219542,23.78978559493927,8.285406884445866,391.3186553669314,17.20865025370782,114.76687169373919
93.22231415485797,1.5074504469129035,1.2253473790222638,0.19579186984419747,2.024842936880942,0.45530887860460245,150.25504582483694,18.198157773235273,19.700977183110627,34.152019889186356,365.63901666885124,17.298044298136805,104.27656047769378
92.08358135568011,0.9338112874662716,1.0855808242391454,1.7917302096250056,4.993964679078273,0.2839767805175851,174.0285197015987,14.569469625967697,19.110015527212855,13.063149876455784,535.2492493535902,2.0,163.3504788592049
94.73520783932179,2.2373777222561544,0.48191408976011924,1.1960742824912962,0.27483153419911033,0.3427892465097062,159.77648589911016,3.4685056067166524,32.18241544803779,17.00836196055976,361.8921894523771,12.963964448631128,104.83413735430865
90.62409405666592,1.365249316344464,1.3510597002204685,1.1714471768356851,2.8927090910176574,0.17539994111822446,199.8700199542546,4.561801529863652,24.992320569622734,15.010340778374733,456.2146831009337,9.051627762030018,134.8619687059444
89.99998460397302,2.939025502149787,0.9469134632832104,1.0505292168947447,0.4128607901763859,0.42198673355267413,160.96280036054998,15.122440705966952,42.53204627543128,13.126456521986425,433.1068966888418,10.652494676030045,123.68862657950959
94.08019389732623,2.10243019336333,0.6389669116440044,0.23184876321794845,0.7726041499525949,0.4869312445413879,210.5373845116317,8.049542223420083,43.797748224172246,11.121748411386939,293.2733781251025,24.00294794448516,85.51639717963342
89.56517086963616,2.556201409085902,0.8102738225252326,0.2707660182987053,2.1978147088644935,0.207439573165839,211.345616912529,3.7521928387648487,8.942738711322663,3.968839436780907,437.0006018140991,11.136847552240924,131.22071638566922
94.74255777608428,0.8313116818546211,0.34508530847868885,1.2417328107522636,2.5523006567322066,0.29793038064021854,155.71530521782287,11.45126035586803,7.243565751513419,7.9622490481110475,400.87737582480446,11.960130085677914,118.82575784681868
88.08508132282871,2.655036205681556,0.453440161466901,0.7478212857275607,1.29396204182262,0.13444644420254953,189.10767560061794,14.195097157840419,31.704845838781974,13.896648352849871,401.530597019811,11.77212278119929,124.55031218824136
94.78915178695347,2.806892976283486,1.218656100619033,1.8428093264975933,1.582285654372081,0.3236546625851874,147.01741133759714,9.232411743691344,15.410674529082831,,482.2734605138023,3.80580775793791,145.40964186946826
88.30211938365403,1.7176547970473397,0.30001396170643935,0.8725220209829972,0.4348351012796653,0.3011133767386722,171.32296796813034,17.849541448967116,1.4192505788723935,12.536537204563068,358.9030955117494,16.546481035619546,123.10749770908654
94.2380017958865,2.0156323443774435,0.7998789941787505,0.37223477153501805,1.5160989192212526,0.15777459366203106,197.0657383601018,16.16295337822738,44.48781213346628,15.87097873002236,407.66510671594284,9.577894961058046,124.42078495312711
91.6939077636041,2.4120245022574887,0.927012217302706,1.4579657836538684,4.83279219690272,0.27682648524723,192.75385974799332,9.322003944016783,11.731587978568509,17.00166782915567,534.5665057149149,4.054660237995857,151.69251403863623
94.9507535728351,0.9370965681510314,0.3655613040011667,0.6573715007379186,4.723536908362409,0.23364186083462532,189.97605355252864,18.607195635988333,46.49939225844755,15.475561449610318,429.98752635334296,11.77930831417029,127.93184582644966
88.5165759531478,1.7564151911586061,1.4676937955667995,1.098393583976197,1.674391450684925,0.3087323501220758,162.60326909299548,16.271290935726782,36.01300531847355,17.874172264859087,441.71456701820443,10.777746639488992,131.88312936671338
91.87697999080925,1.4966575694307829,0.5713503974996064,1.4258822924598231,2.854269681393808,0.3342617341715197,170.24199595475216,16.023798331793845,38.25134775061847,,460.7655297578429,5.495103395876985,135.16150273545145
94.7851177493337,0.8659349804056228,0.665038463563537,1.8105018112839337,4.547976955554722,0.1033982314428838,148.2356915760229,14.175409417315496,10.47234404176144,18.886496091173797,475.62011099827447,6.650464317917771,143.04908747066344
91.66168490919104,1.4188360557288286,0.6647310147060328,1.6051632701231846,0.030919113204483373,0.4044023931798222,197.52182563468807,2.2505726979481615,12.09262406803224,13.18042216857199,355.0798839725336,15.814998040690172,103.30697988075819
92.40579046694684,0.6704307734637339,0.5764999945408198,1.385086028958176,4.053417851687959,0.3852057167446964,180.31110374330189,17.323158036491563,26.302753814291254,11.543841116626924,459.75942050106835,8.424859128833381,139.59192514503647
92.87024082289233,0.5645297673737175,0.3017685865035737,1.3913030465507727,4.741847763944595,0.2465145544826089,196.70125058765237,10.272919404401442,9.018942706168177,12.754130116053384,449.262060583587,10.116060914924939,125.23517961122198
91.18178745337441,0.8379157228870568,1.1752137529055955,1.8972568236609644,0.4566286716677853,0.1211743742275273,159.91548198374983,22.737413623490422,15.618868787810097,10.911319529572806,388.73787591484177,12.873775825941973,122.34215513341209
92.39290656058844,2.9077877789729345,1.4602145997591425,0.6620657852434184,0.8072384301646052,0.4019730159140201,165.9550582908053,19.995664963698516,16.412392658416323,19.049336906292314,460.9539906538914,7.171713699038242,130.39474531541538
92.0902001834617,1.8738238397375424,0.569152179942054,0.10211297897275608,4.803731513856777,0.482070064191253,166.73722698080917,14.929278329688868,8.401681696011822,15.315112459003972,500.5345813055526,6.317089168626428,148.8425966315831
94.30810607343692,2.91455540288305,1.0956566301641069,0.6167136628565775,2.6877007182017314,0.1960606384088057,142.05939277977728,7.548003600023927,10.656550253060457,10.460114637882398,457.2449810467872,6.161401590690692,133.50996036855028
88.3181246623902,1.58124469582533,1.190275592350458,0.5139936212908136,0.07098317235861851,0.22940984549481516,167.28382982644987,6.481782652108665,39.5333161794087,20.68968182515853,331.37252997779746,16.99687472893481,100.9413593485763
89.96674232714561,1.279540332713149,1.3181104549086298,1.3574857117165966,1.2881599938176458,0.17352515579272598,204.2643658814427,9.488466428906081,8.776194800089785,10.840059212302986,392.59042899241,13.60443934467528,116.86092314404635
94.6528803885359,1.7653546571006102,0.8071550364163309,1.3040520395545052,2.249718371344298,0.33077444933793587,211.78387965997908,12.484494758760407,1.908640896274163,8.345240209749887,380.95931677404934,16.32269540413512,115.546048360613
94.23184648723641,1.5987792215822754,0.6635170867685151,1.2275766271389752,3.4645445551238385,0.16193655785898198,181.45746525087418,8.513441220856837,31.653069660132452,12.130257866935471,510.9041821919938,2.1901159478224796,158.82721671486954
91.18959726949998,0.7641617106543598,0.6903541608276373,0.13086254209796203,3.6658018906839978,0.24247757738455178,176.44013561753763,13.32844889863462,48.81116440992627,8.761320245346212,419.1851862018021,15.044583083048597,129.59863304887543
92.34092818461076,2.1020657867255155,1.1551455997182154,1.4846783034562303,4.97710756462728,0.37880520557370523,142.46596949594962,5.638149361290091,16.89508382384451,17.716249955991476,510.9318840755083,2.0,153.46110193136028
89.94166828086793,1.040095456273999,1.2801353598067633,0.7147077837224338,1.4375559969187952,0.3240463932037394,210.3363470068306,23.509681882160997,6.373457308214489,8.686995406317582,322.9011190488841,22.268468124246404,99.16787454785853
89.31684811806633,2.048969887244574,0.5179367613079232,1.3636063791125992,2.6911005093423763,0.25458502573117414,141.04081707406982,4.3743402092298656,28.734172605692773,11.633072844690206,419.3612801915933,13.850277882659343,135.60842165155594
91.24588883457987,2.1255027309953833,0.7451292097893183,1.1574990141540913,2.666617739298025,0.26809984072301674,215.58000641681696,22.502771072396186,45.364533449234486,17.741082525996767,388.2486295540774,11.079906451174349,120.49578033963658
90.47346559618236,0.8800621328216203,1.3823282360989801,0.7511887583130236,2.0282262972361877,0.3248443530492918,179.13729989504725,22.098716250859287,39.3110581015097,9.162501368447815,447.8605729798646,5.9067474876688095,132.8904822225233
92.0855927829561,0.6533740677766704,1.268032223633687,0.35569490749780475,0.845809469212101,0.10234589115486453,167.35475948597812,13.557930600028957,31.314535486429442,,357.6088833515723,17.831017669568666,113.67198669242234
88.54414245875489,2.4519039651710997,1.481830083314971,0.2793959055549138,4.887282815919213,0.13140394738144395,213.9374747874128,17.948025980393858,16.09529658207617,8.25347114410399,483.0589130223771,5.6004845881072916,146.87422551081036
94.82076365366316,1.6495010594233004,1.2050979116184968,1.6798848329132248,4.26658593333293,0.45250322710520463,141.95127944880772,11.593062555396932,27.323068577172887,13.433522349647147,507.4531953995764,2.3898502688166925,147.4220843635376
94.90347521135722,0.6454094887636894,0.7718342412335066,1.8449553299549601,2.491665141471186,0.13115159563651632,186.51399158952697,15.86076070593364,5.016619644560641,15.285409401982953,414.47045947402347,15.465765660041116,123.43752639129814
92.88713199813822,2.9871657929244178,1.0087654007935654,1.3345972888521693,3.016227113420149,0.38272143848420204,183.914601959947,9.492670623264612,34.107798501893164,11.978816370263958,520.7271846578359,2.0,148.8568685799359
91.75267456440885,0.6444514024909166,1.0932171050967843,0.2965248182349184,1.1363052677983116,0.46801526564362106,157.54563209691057,8.625498435279798,36.39225293543372,12.346967853463287,340.20011627526236,16.330113502834955,90.6349343629184
90.16669331400429,2.237588072146383,0.39414697958054873,0.8638517120876573,2.7189353519587343,0.20827344172069245,174.31099450801685,14.721055295729302,48.26906533404098,14.55004852442855,439.83036425449836,8.59677423344453,127.20390782027167
93.69656513794864,2.959197313158534,0.9533963509246381,1.4849844801997987,3.474850665607379,0.24819657482380572,192.18112047550161,12.958852832047567,13.389669257881046,10.889473254785832,557.200990866681,2.0,167.77320260340665
92.79311820787716,1.0979502605398141,1.1511849941671315,1.5816596796191293,2.575835141932944,0.32756856233788656,198.1704957505542,14.749800121299584,1.4135927426296209,17.38871534495495,467.5495655401714,7.778770274999592,140.89241403446235
89.13831857541425,0.8556234217179904,0.5007855648012725,0.3246153823530683,4.951425852924706,0.45268358785543394,140.0573486965264,8.306532788314506,27.507618989143957,,399.3368443299824,11.229935342923048,112.7431748733694
94.3764902914569,0.8034623485560722,1.2367580609106685,0.1000583658062266,3.056708281238631,0.47676223490416814,214.94827440728122,10.073072299973896,35.48612996764231,8.412226104594529,344.04330546055905,19.09760779281475,91.3191820018742
93.75776070046219,1.258187868918989,1.0005273366169338,1.4530603871731496,1.8548685629608452,0.39582529924450727,153.162029791425,3.845755133836005,39.62517005620791,24.700508483117815,399.22517985852835,14.944511057237252,127.12136632916209
94.64859939304347,0.7526145275266167,1.4426661428371135,0.7775327343737907,3.8607601380791907,0.13464790434187762,158.68643473778874,3.150080189988526,10.090077184728125,10.789839412876004,463.1729007254403,8.409609942393157,139.42833581343325
93.08003655871852,2.23040335423533,0.35090675784827,0.5835145300746944,0.8523125579082103,0.36766166221394037,161.07787565550785,7.576056852806357,13.456767017332671,27.051378897950986,363.6745675438429,16.392127855799867,116.88093015273411
92.29390637155053,0.6557294953251567,0.6183913650665603,0.12450519260009835,1.9225790685313326,0.2641214887490648,143.02561092416283,3.6334309052720064,25.873250800731167,10.848568823896048,290.8292934313727,22.060834754222736,94.74174351359034
90.92770125403433,1.7735553203744743,1.0218646551597887,1.1265688728468495,1.7347947518879292,0.2882803997964246,149.844169887226,4.283043589964295,16.864740093515092,16.166665385966994,408.4304342860067,10.924756887783142,126.20267862366697
94.5290993834781,2.991742134632442,0.6558718946471168,1.7171863973093653,2.1590354755388863,0.11965935613807083,218.90799383553298,19.884424918666614,43.09531858607853,16.13198979813677,432.96378392463515,9.133241385131164,130.18485308584948
94.06244722650285,2.534925673765047,1.1573089968854906,1.919500127917917,3.9088991296436317,0.17642485573854327,165.2173389901829,2.8552213343671644,23.951127610066653,10.434059266440837,544.8420749626321,4.05908789853926,161.4643684178124
88.31653069074332,2.038048595577527,1.210806339026317,1.1749154061652496,2.420865160817037,0.4162054430134591,149.22408722712396,16.49674146656434,40.079142883049144,12.54159794944326,431.16863565962234,11.976992035809458,132.9435733141369
88.18456882148077,1.2656340519665292,0.4230191568797693,1.077476522705799,3.970072251329814,0.2815835332191439,148.55930089396986,7.996270473938811,29.24067814387651,21.670680600257626,426.35786553539566,11.303544726178346,127.10807033144
90.63524356814635,2.0597395907290963,0.9166253570481213,0.26160713242955813,2.8824445156993295,0.22066489665245956,197.55679741359774,21.174004975578782,38.76796201004704,10.709455256510768,442.73860823434273,10.781041993957302,129.8734861575004
93.67387331547283,1.8176036597791292,0.9106686667092669,1.1428583229309397,1.7103471732877766,0.25360762958598326,208.36549312261127,12.66983026070499,16.96731283325103,,399.76334841117443,12.896765069546534,109.439481101908
94.91093290520462,1.5652084597259286,0.7431369242586492,0.8219602500342498,4.049893718417362,0.44175980533027215,160.5561839606776,8.722682105212165,41.655122785550404,7.679950635929319,507.1515653236453,4.797768312760533,151.72994305501055
89.0529182377247,0.8267759418504987,1.4195098350836066,1.2535570336787962,1.191448352765458,0.3995996069619828,141.6727609868188,13.38805658516756,14.091329619775568,22.80593680025558,314.6943743995071,21.01348387037964,99.89166675733279
92.15891500746494,2.7165105381011667,1.2930075838478654,0.8385800609654387,1.1219148989989773,0.20892615887243313,157.84720147562848,10.403076418995914,27.531890996162893,10.05117331446095,431.43760617113196,6.3364298656502624,135.72786475081483
90.66623599641716,1.6244616220533064,1.136651258291564,0.5565683345556968,2.522514620274179,0.14700073608494935,144.52125526374058,14.414623422736264,11.093352102106774,19.687660859213263,378.2604386556303,16.55144274373233,113.74452514951345
94.78940078470222,0.9865562795519127,1.157191962881997,0.28043402293391534,1.3042462298104445,0.2007992886576287,148.27159493040332,4.519723103179661,24.038562820496573,9.577897240595162,342.2647519591885,19.28750028557913,98.23587383472292
93.89483246194996,1.419398377193224,0.8540593725757428,0.6983450447189018,0.04543517475608161,0.46830258042189354,174.5206495878114,23.933791061876125,16.249672870680804,19.441964453821218,339.8850134392906,16.24782237064184,106.47922330938118
93.86830093297796,1.5353243813223176,1.405193425315891,0.2836251851467293,3.2414876364940075,0.3326355351399022,158.3934696689306,11.362229309327786,13.701819816542105,16.821490185875493,428.542691417623,13.204789718903605,128.4859801870532
91.2808521185648,2.5688447389171856,1.1335145127039423,0.4361042065655695,2.55546910736199,0.31339208349791314,181.27567028203387,9.66107407356211,48.36575839238785,11.118687280880874,470.7097886908751,2.9085873354086145,139.38455993362948
90.90373651636365,2.3340359514035054,1.1747772739869797,1.9759387013011374,2.227589072465806,0.3385574398769846,160.27950026057522,17.624616662957827,8.423668221593166,9.0819562140441,517.5789444895231,4.299590610465658,147.9941087495279
89.91384950351494,2.4232622341033494,1.3340290845448144,0.9437967581225754,4.834842573091577,0.2464113062986061,215.2429840882358,10.005786942897315,39.472628954141065,9.381951306706783,492.32936446149193,5.693516936193148,158.21761672317655
88.39462847655649,0.527578161071618,0.6288859072106292,1.1105563563595315,2.8559959198145686,0.42284280812780517,212.47551743410116,20.33203471063267,49.21616549441914,,355.17822083308585,15.966800183954252,110.24545849522843
94.05305663378537,1.5403849954494038,1.2684850846400435,1.7598752046007091,4.317157888946922,0.30931449972009994,185.3444884008373,11.993955935929355,1.4851234451338526,18.654236380224877,565.8393554601145,2.0,173.98304918089684
93.69030706391054,1.7033603790883092,0.5342887235477904,1.9915809109323068,0.6972511810258009,0.14669916110751824,168.35391935899088,17.830285091839567,35.1018569950837,12.988861023901674,441.689114737374,10.83033193766521,128.19268810317166
94.99802371300291,0.5479806920576418,0.7144103426938654,1.207157453754895,2.8460323156471383,0.1516260499316252,170.49175056277886,4.363970761721504,13.019134375036213,7.798653004068544,406.3219497786472,8.88310750973782,122.29533327103664
94.97645785951734,1.1495330218625854,0.7027325451238112,1.643700259983926,4.339898133654515,0.31474365860104736,172.94818265155976,20.61462208221246,2.5041473042510702,11.013773606905481,520.9516175116529,5.325799779645733,155.8780159236984
91.88802193921839,2.4007245578053373,1.4742305620669687,0.721187946239683,2.91552878639949,0.4746280872283357,198.2063457707955,18.185795709118416,20.443034158353225,,523.8540227435197,2.2711311557567884,161.06667987815374
93.38291190626357,0.8427742643224976,1.3278446684975123,0.6809135191498531,3.5900708906350074,0.2233408486704795,176.13111964150704,6.657769126163245,46.79328160345831,5.17792523656362,498.4942674904453,7.151364297113738,156.3468725278576
94.613360109177,1.8382753286314792,1.1414038339083117,0.8651370698896643,1.8602178390610369,0.4478164675436873,208.53839572047178,5.196292214407306,1.0823721711663854,,388.4107516182708,15.214175225838218,109.35214749869638
93.94753173474189,1.0380046800430938,1.172468113938468,1.3777637990799334,0.46224758518533304,0.4056382346315518,215.52758287442916,8.958431671963737,29.600341750524194,16.26925597658003,316.52141332347605,18.816146652237254,89.58303600712729
89.73143671220238,0.5303019366097332,0.9744873532830853,1.3961642095846878,2.2895014756353573,0.19912497716276276,166.87569227031472,23.473552892701896,25.319125690468553,11.529959792839232,425.8121792488269,10.776373267341423,130.9723430265376
91.15380894717066,1.1030036439988538,1.436508800530223,0.6989549258339565,1.9723969541942876,0.11453629932649699,184.8555585100544,7.650294640475289,43.732516136366854,13.487492189585339,429.0044612565405,10.638484245295034,126.1611915797499
88.90411590606047,2.9396843872751344,0.8955105034588338,0.35309885585959455,4.335300911894737,0.1407389060569531,147.60452294660516,12.034798596825933,4.65808486877097,14.78784045659973,496.65230789410333,8.480336129925076,153.07006295760485
94.67835719081106,2.503842779707474,0.7566212518438734,1.3015528872844664,1.2199765117623613,0.3913975735389761,156.03752382130872,2.660444965781399,34.23553847938919,10.622337590490233,433.4673163265407,8.041723120336638,128.17489817605215
92.24322244115616,2.8989416108025834,0.4956424043179092,0.3438191381586526,4.83367113767554,0.17986789521625868,173.0772613368128,10.739005650457116,34.16543007244722,16.318539668968047,543.3694085486925,2.0,156.76694941123276
89.60049963852424,1.7196351098159062,1.2434467827132696,1.199135765635727,4.790690599022481,0.24850836820215752,156.4962172721423,14.56904033952826,33.61946083468302,21.823638542374155,541.3247381858697,2.0,153.60067401184276
92.701904790841,0.7743404966937588,1.1813327184907096,1.4175020433069871,1.2381582153571935,0.30067966640256993,210.12483926309739,22.968741475175232,47.14555749928433,6.622391410810432,351.52177311538037,17.126074642041708,107.87717153481026
92.32689768320527,1.8698987224342325,0.7612260462289618,1.4311618431494582,1.7402597773866024,0.39018726738006515,152.66290048472786,13.368192988681418,41.24283268584058,10.612792350808363,417.3026949533604,10.368766376750502,127.7340612037452
90.50713902622988,1.6359433363999023,0.33023209675107523,1.531597010253234,4.477778704369425,0.14529248930365016,176.45286572424737,20.02036117590913,2.5776499490535474,30.933724402968807,477.09615304787786,5.827964742464613,147.97992462571943
88.7949031453974,2.61089270684904,1.306796793261613,1.7584329009747626,4.833111104480538,0.2625465621109846,188.45593923679004,14.036808136515813,23.818601109873402,,594.4972008708718,2.0,179.9885282928138
92.7010123691496,0.7452064519606114,0.31370158014488836,1.0499220847330981,2.2171955141802204,0.2940291636570782,195.34911265286755,2.8972702955813983,20.19867628196601,12.013838813756088,388.2784317794539,12.290986412416608,97.69635292754023
91.64215390632656,1.7206028425544455,1.144439735554861,1.4874734601061852,1.6049852282044892,0.3163308255886159,170.64554957812055,8.93018205417503,15.852287443994703,10.987772107706762,459.7647095063702,7.899779143358139,140.4465833911456
93.40622874214948,0.8751216617349606,1.4643085316712685,1.2764281971950897,2.6304700662577103,0.4273442565580867,209.5279254979783,14.662089172284272,22.841167895127814,20.282816661422043,377.36769201379343,13.893384066516806,105.92302028159523
91.64114450778395,1.3116898172251499,0.8251935937778441,0.45461588561559685,3.4388460318286738,0.16867127801728676,185.46553208623405,22.913067250484737,19.517612153835884,8.367898029727785,428.881877519049,9.897789045136221,119.32597326491627
93.96527050222979,2.3433926934694993,0.5819680859951433,0.1488103252518755,1.367372576874899,0.42313258073064897,175.16062243580416,20.900867914527133,21.900528043993933,17.64530620599054,389.02534325314224,19.421551758731898,106.76682988133518
91.8633478714214,1.6900453234219164,1.145845212052058,0.6406286327861741,3.682365873095364,0.3771513710786609,145.37925072416294,7.023823511934648,48.9734623476278,,465.9697020842329,4.252472439369615,129.3899707620605
91.92656580074771,1.4397207128644234,1.2805537704187022,0.9417640420414768,0.25828678557320517,0.3223483256795837,177.17515747561322,6.842416260421597,4.887332250104247,9.02558056712026,379.7204393867905,15.910501935046675,115.31102232561538
94.13657521860841,1.4861906964250884,0.9557163792934167,1.272501294414447,0.2464724638220822,0.3798111481610288,205.65886726525844,6.425805276505817,46.15042805701712,11.106815620302875,314.967385418556,24.65735593527489,90.83429442099659
90.82438006348679,1.6486169210149666,1.4604423303073755,1.7149227279560901,1.9314385257277262,0.26480709558066257,189.16328145770524,22.29497571865507,24.27171731681582,11.958565569142165,1152.358510405301,10.282699209724736,130.6874947924233
88.93810659915448,2.462541359592642,0.3620024659895533,0.47286686174171466,1.767365960303603,0.15535903438724985,206.57299629832949,20.758655368237854,31.375241152227286,9.983188715190357,379.79094757062325,14.710608525249658,114.05269704969899
88.20147873419337,2.730211722350586,0.9057547179654337,0.33854460080710647,1.5781660768357613,0.36630609610614695,179.52093364794445,19.047435509564874,41.59405684757585,19.012734797090676,446.3591497637794,6.94573137864746,128.37807880623402
93.28596078971533,2.8883367162598206,1.16214473678706,1.9306119002012223,2.45509881334455,0.3098689226742489,149.47693640755855,10.640172512933006,18.342919942888148,9.053635249004435,508.69663747100134,6.91381767040671,157.51434586069396
92.34216685947425,2.4672584656382375,1.3351685653790148,0.3052846628151735,1.603667911557856,0.35574992021711027,141.0911876668705,13.09637549457287,21.80588445035436,12.884563142506527,1000.0493971219181,14.873111248290018,127.25702452379872
92.92855837669457,1.288517239370032,0.5151067342893481,1.0091330332036594,0.9612895923404596,0.23519951241139603,164.2575637374873,12.215298385493362,20.77116477379634,15.104202805066363,379.0782714332207,11.614353411339033,112.63547025106965
89.49074913056238,2.2203367652163553,1.2600041781164177,1.2125710847072737,1.5473477454430045,0.4627466309359344,195.83923771982342,7.574758366306198,19.049185615520113,12.831322082164732,420.920494219245,10.685798002538355,133.16252019831583
88.9546003291074,1.5940078101384798,0.9632484908622543,1.1286113997241327,4.874521364051175,0.3349479474302308,203.2207923153355,13.110617015272872,46.3137014215213,16.5915241798896,515.3790377052394,2.0,161.49166511483386
88.10181265967518,1.1366765551151279,0.7758644183879558,0.26346109836259207,2.055567084974243,0.13416099371634954,163.66022676962635,2.670924052760598,41.532029614054096,10.24279351795299,392.9706966024682,7.84330419445366,118.31424769930518
90.45411291164618,2.6021789485648066,0.45805803429491226,0.2083511366068768,2.223563884291679,0.2799215962817715,179.65231367065977,4.899828216944101,5.895499498217317,15.627791191500304,410.9868161922689,9.662339743381837,131.96331219070467
92.12942380798243,0.5960658724058125,1.338354910690695,0.30041851217596777,2.8827249497557,0.4025424218974537,173.68951235472653,21.50497111571682,5.852105947616254,15.813931310426243,443.1613194663686,9.757972895053257,129.840085814673
90.74570831569812,2.754404980338559,0.4887278498156584,1.2126165993579638,4.916703842071133,0.417653824692909,172.84182274811423,18.53695487469131,21.679540985223063,17.94386064166529,561.3299466525473,2.0,158.62270820030633
91.0623244541661,1.6536936615618354,0.671745431050919,1.13425528650521,1.208006382178815,0.2978388211055035,158.50789705601204,11.303104999299915,5.383540148274048,5.730121992820723,383.28113830926327,13.690635028973466,107.21245109716098
94.32911086145624,2.093003692020701,0.6480546383549242,0.5441075048698141,3.406410552662169,0.4578990283325205,150.90968840235666,13.3773079702453,31.145108215920423,14.933670900919466,433.4097717156486,13.075469047752431,126.68450824122849
90.43778826916311,2.148384805514457,1.345696841029025,1.311770869506624,3.5799234677086207,0.20706737487771903,155.73508465849704,10.139975491119504,7.612734559455829,17.470398035400887,496.5457211284937,7.33522213520841,151.63522658719893
91.59792642411867,2.737794351766341,1.1072435930506777,1.6581282539057338,3.0366220839653297,0.26423947889530663,144.42659097306768,18.297157077534795,26.357476566356652,,488.5916788486502,5.6621104178828245,140.80338931596364
93.485571089188,2.0916742054180184,1.2560176766296467,0.17900002370852816,0.4428916981832204,0.459438764227588,155.85045934588615,19.252117943105752,0.8573873766840288,9.78520381833667,361.8743549188554,15.544846231249249,105.18330220851414
90.77579947624889,2.0348339619001545,0.6005614785509987,1.0464468927412807,3.384361379137882,0.4585026865886316,140.73607181003035,18.792274184469502,16.171519246426012,9.2022586366822,434.20291828905175,11.029245774292761,124.01349304400601
92.35460690159512,0.6666301014017249,1.0498489195283986,1.4096897829951116,0.3204735551808774,0.37428510752987243,190.18067205087826,17.89745794635789,34.020940821796444,8.062290823933864,357.5125414189695,16.363303866895464,103.9892524997986
94.03654596122722,1.79602005486301,0.9860951797724984,0.5793926614324054,2.9807132477494847,0.4435922188488881,165.31003259101465,6.499095451241509,24.459927541278496,15.899760108602969,453.438711699966,5.873534900857725,142.74516070471026
94.64664436560349,0.8754225020426041,1.2993964521459254,0.6847647200569832,3.697905886108713,0.13550930678249307,217.8515769141527,9.435339543290533,48.92433955694991,30.348927119153657,373.73839431784717,14.510164485193823,113.90939774950066
89.02951436650326,2.343584421803714,1.3873044725775125,1.2659120156798294,1.054849453099752,0.4459979904831105,155.49736406210383,12.336599569640848,43.768137905277435,9.753166398784874,429.62422448161954,11.961196437221043,126.00232101152501
94.48611337613046,1.7805548020316861,0.31458812577286416,1.8060770575431002,4.208110037713871,0.22824796262009073,167.6662856247675,9.277445811408423,18.274003562635986,,546.031206683686,3.9469839949477397,169.91171762103943
91.44481405155676,2.2005694480208833,1.108823902870551,1.6388563985755087,0.15176902766502132,0.17133260497128655,168.62729269132265,18.608684403483238,2.7515838028775925,12.257752754804336,400.93592241963967,14.845454000040041,120.40910291587979
89.80771071809271,0.6041822515059607,0.3622029589436748,1.2079474162892088,4.21906431829153,0.19574793453681855,140.67611968499685,9.245777533499002,42.35850185569343,6.418663991620283,433.2956765466903,11.004951271515298,130.6569804692883
91.21395029366784,0.711980040114508,0.958630398092827,1.4874212637387736,2.3016452532138256,0.26718740320555484,207.13663624315672,5.041105909277418,45.60609836057623,9.223740654619403,413.48944505523747,14.835587680510134,129.760709849909
94.86022802699834,2.2908084701567057,0.6451592748524138,0.7931626933948175,1.0879396996582225,0.2004768018417869,142.55955681154597,10.778889945062689,41.121055974242324,11.908039114762014,356.7861364612746,17.305012419224447,105.32273528914381
91.44832665795009,0.6802108399966834,0.6681319194265694,1.3178345033876397,0.66889072496984,0.22822703440659964,215.2143867783393,23.558117521212367,6.833522075528361,8.520105051893287,290.15835136423607,21.610231787775092,91.62870772412047
90.30126127201255,0.6781418194131466,0.7235502041428279,0.9857450231423582,4.766535837911863,0.15399139442865684,211.36594808748964,6.969391084538669,49.896799153408246,19.667677468492784,403.5685581613846,15.671938483156179,125.2952106572433
92.43380598021707,0.5302711880872186,1.045550938859532,0.46087865926936566,0.36332793790578355,0.21847070622359943,182.8417532868771,15.46749049675104,13.299918966862304,7.260676846037404,328.9172513071607,20.12713721309269,97.94745052394936
89.68101933144735,2.8912534957487,0.700859958802523,1.4333027203667887,0.9954670996796283,0.32891352581680044,183.48764599290337,11.525407096473538,36.34814318401432,17.468550146860096,466.53320751466185,10.281349586344428,132.97899567416914
88.53104329676064,2.3437708986475174,1.1792388607083364,1.1572828109627618,1.7391117371652298,0.27674148323642556,192.30223383649252,3.562540488285186,45.44772637861821,21.920031711124587,452.97640938086835,6.386673514479032,135.95638163482403
88.90215805337455,1.3831285212551605,0.7854328626886435,0.7813810057118236,3.1011742448056023,0.2386875044943645,170.96400095479095,12.733285331957308,12.166512159370116,14.192162816830372,457.0696387882804,6.713891639078933,142.80715786969253
88.89632087270441,1.2413389532191381,0.3820238403719503,1.8315444611493985,2.724005426380492,0.3985808515428456,191.77778267182845,17.447615230262876,45.45879845651477,11.530777643282455,417.2911412449539,9.98189855159389,129.2861827208636
89.06331885458606,1.374258074364624,1.2405118109809286,0.1397748238707932,0.6282174620615699,0.4574039885573272,143.58147109507894,13.290839468212013,15.819338170145915,13.443728639983295,299.20356453767414,21.42726808657558,98.3123213168888
88.97179020854587,2.4366338279529547,0.6429099895112471,0.6999689873740423,1.448639918691073,0.4027156891609588,144.32381018797813,21.186333402424783,48.83245450801078,10.214155848429382,408.95305618272477,15.93245457170661,120.23391582195161
92.4861232136225,2.153426527676036,0.819320255519115,0.20807465577752846,1.1937588554301204,0.2328002808470717,176.57843356956354,8.356614366466818,14.422371008833492,5.395540184689967,423.7246116241651,8.82413732595253,131.0138858509107
89.27316059079402,0.9629889196686698,1.1225326598662817,1.5564019008210916,1.067714272451707,0.3977768671350215,183.9697840884828,3.8974817686872285,47.695073325512844,8.234223502205046,421.12170286542994,13.120993782371706,121.30507209043925
90.41967098326704,0.9352733383352109,0.6989473885784544,1.434004162816206,2.0557216823999354,0.1607920729896205,211.02541122686551,22.604443456476133,3.1504602191874076,12.128139774899752,360.0768577616638,13.788714290570558,109.03097713170095
94.27751886934209,0.7459891242834933,0.36790278737605875,0.7295692155990023,3.5201572629582847,0.15212719523651638,148.3728507126317,10.320319689620819,35.60896457765575,8.362230903741358,394.95321152274363,17.63878188164258,124.013025482898
91.31773148184011,2.1507567992533456,0.7487052564153762,1.383759514193439,1.0872646610861798,0.23825081481446359,205.81183417551114,14.680922131979933,26.839501124931683,10.326886620520462,392.1640746497715,10.433570707516742,122.18134533193667
92.6729041696472,2.41093165555434,1.433338299233164,0.8522807297723046,1.833394398514907,0.4230809476176228,156.80378698336557,19.42406877486431,24.154915317575167,14.756322924282593,428.088062030239,12.233555695103936,128.9417838186921
89.2062390984114,1.16261607081251,1.0700812767582697,1.5368822037026253,1.9545871342058114,0.19853929889692076,171.52669188080256,9.134900605262773,11.56296855566408,12.91009636228369,417.4079397377312,13.368115667090656,123.88212110851292
89.3460231316607,0.552362402577282,1.1057749784006483,0.9629489591997414,4.882282647177051,0.12530136355947186,165.32819478619302,17.755619839907446,35.42699159393635,18.604247388069428,481.6880496969383,7.704966002046439,139.5322599522351
88.28608031386536,0.7054291686910683,1.0587385843651678,0.8833314828801645,4.773331784395344,0.15268381408254206,172.01242182923193,4.9792146959922166,9.945069826592201,13.70371570221558,502.6855155468613,3.0306596162936175,149.67678830047936
89.18254544150516,2.919650087112576,0.5387905667513242,1.875986839427772,4.0006879137603795,0.4434979874118321,152.03963984580685,8.408462438521116,27.86566890124603,14.02986539366585,516.8715300533208,2.0,148.51043980830258
89.95013237322371,1.2386119436935505,0.8020006369227362,0.5766702897923304,1.2082946040959257,0.35351331389891505,180.2856059522844,5.183633995003438,13.035645470492415,,383.9594654017623,16.82804402275713,113.47186937920658
89.23907338993723,2.423057869595334,1.2011277580359818,0.3288499459934743,0.34018657045834844,0.20128046534799068,204.13140718650936,19.84707228482987,47.80325829917712,7.15318391584543,348.9967756463623,19.177071212760957,95.66791661720922
88.62091773629939,2.0616589221356594,0.42164747706379097,1.2106319151929705,1.5845206886031238,0.32211833013127256,175.32272083031177,6.898283174989278,1.9172440948648148,10.327715864635055,418.5189906057251,13.588002365751375,118.96236104157423
88.84445109770421,1.4548490991322398,0.6334233313076547,1.9417114433399398,1.3339727471691543,0.31103184897014013,179.2490860718559,17.782878218914625,10.38654986550621,9.10775316504465,456.0329190635267,10.829310455149606,141.07390522184187
91.22545137622907,1.0142181554888878,0.6315829301590243,0.8178945060816546,2.5296290007319695,0.3621743913762645,207.90140682250512,22.752564739404356,12.494375016178662,11.396347936753145,365.6339270344548,12.677122486111802,113.39714856784639
89.44433602884055,0.8034660453985161,0.8184227131134072,0.21786985089468489,3.8886395503389655,0.19327502176864653,196.48464917104246,13.610988599515295,20.996357375506914,7.953281850334026,417.045887790168,8.504386879571907,123.66952714339057
90.54988902733653,2.0375324200971665,1.476442489130622,0.7446800078881781,4.2916146943942906,0.4457611948777591,179.2363526815828,13.880642229735129,12.02014697256765,17.064418307330623,537.4762150838701,2.0,161.56670847325918
91.52392089598399,2.43658445159447,0.3810030560205863,1.061270143207161,4.224320427052542,0.22374742483200516,160.6156518551344,12.142738498151864,24.82177996830487,9.094319877906878,500.9615264204236,3.963795075578859,151.28293628787296
92.83276380040556,2.1097606338528268,0.922441193256714,0.4076537126012061,1.7983778061153388,0.3776526615904948,210.79413974759734,9.16958315466014,43.68704340129768,10.532780974823453,371.2310135508637,14.129114478716339,113.67094601531501
88.2751849788877,1.8257553331228957,0.5152376184146525,1.3503942143073349,3.4361717173034148,0.10644985854888596,186.16163213524467,12.464410680348177,35.74713935975395,12.084494188741772,502.9948565859591,5.315407417991001,152.6650405120462
93.5958727923633,0.6048780585790907,1.464811854491693,1.9957238391193812,1.5641709876211003,0.2490628519576589,157.69180880885546,15.261765709868708,29.208118036487996,19.09202633737533,426.3120464164469,13.125537273247806,121.20973453355782
92.39530272643636,2.9212219439859597,0.435964205672957,0.9583050043647432,0.30452771617591357,0.24068392718352333,161.52958021104084,23.691814587754507,4.905657310142643,24.617981588053073,415.22563639550265,11.19395867115265,112.35227280940602
88.5723132236421,2.4967854791364363,0.7843212028339095,0.773984257787404,3.5078263280147115,0.3173937714332058,204.25064711489966,22.63082030500093,34.852609365269146,25.304361607932442,422.6652543654691,9.556145177426753,121.71513356399515
94.11505036874745,1.2320550917524118,1.1854619818015273,0.8613379169854866,0.049137762848939226,0.1290945047108786,143.53164496699642,20.96736508244868,8.737507073391523,7.295675328565857,324.4053570773698,20.673417635590308,96.54995524381239
94.4461068037227,2.949925823397127,1.1454653136329342,0.31877773895088213,2.0459129372924427,0.41605254949044335,219.3673749623056,21.560871785506883,39.42518560510405,,353.83277693401254,16.12944886842058,110.9507514270755
88.42754571898405,2.0047039740908055,0.8072743642727187,1.7782198427098252,1.6468963465103785,0.18711232070702744,150.42813437718334,12.292682032424946,12.877809546252582,9.724470296735701,433.61262058841015,10.525640119195423,131.25558463016796
89.93814353703043,1.956056645518116,0.7158290015432618,0.8881687454905687,3.466887692594262,0.3708151259528041,203.685482031755,16.463775197904226,21.143912051884595,14.127505630775941,444.73115538376925,8.756561064275278,136.091229429331
93.64340895855143,2.3701829485738304,0.7771348542634446,0.8358213817071984,3.8312273638018945,0.4212848492976373,171.58202534173464,21.69146790459671,17.848275014737432,13.7868196961158,547.5143230859283,2.0,159.7698888186066
93.23781783268561,2.5294244702253437,0.6171315157903672,1.3534115185679012,1.520473179856419,0.3247507824966053,179.37729466299734,10.644916829809768,43.01128877640541,9.648469103616286,457.15127097814866,6.400090055762169,136.79173679583954
89.29164713549464,2.1411965183287567,0.5463995264481598,0.9398634997691346,4.0581350722242675,0.3963532826887942,210.45204619716623,23.158774523600314,6.763950706313703,9.348589127822189,454.03592634182286,10.129670344408467,136.5382021998329
89.46544526335697,0.8202393659155001,0.8796476370706678,1.3316435907349076,1.4695838025246688,0.3647441248860023,173.03289516713704,11.147293365522026,28.499421678047035,8.174556826591,424.8866437264758,10.943515097966541,123.68760892429825
90.59330471953967,1.345668764986246,0.6222405072811288,0.21674795124849627,2.2316317999328064,0.24221191886080307,182.99950029385877,15.223818638650744,7.532049667431581,4.213674465626253,423.6518341152923,9.579220810320969,121.74775070520107
91.39166089633714,2.8202091008151244,0.6449539978767,1.6460743530722322,3.6350926350706696,0.4235434156134261,143.9439729927336,17.61570369199218,35.38739388854324,7.2480624624186,541.0809654058432,2.775388740231292,161.19090073627277
92.32778340071206,1.0615390296096299,1.0881072761694683,1.886957510470865,3.4646011461239428,0.2178805479542112,140.18779790939624,22.913024287670645,45.30136732582682,17.230996190448305,448.12863650570534,7.619166821387835,137.7447726922859
90.58239547698841,1.4304175595937834,1.4622447980398707,1.3326542337028333,4.936842361561,0.3284851671006069,159.5839898401381,7.381558029149853,22.013078866429044,21.886757936252188,553.2831743231079,2.0,161.46019485236664
91.23774301293203,1.58019220736049,1.02436464067125,1.9136752648317403,1.1258051210796594,0.3981590956566158,194.44664743350137,18.41488152125013,24.660566883116307,,958.6002062753437,11.922239601673173,113.99106108913756
93.2322965669363,1.5985124742361305,0.3923753604779595,0.3877213973029302,3.311589567697912,0.25158236392500305,149.70119146873094,13.457942895169808,46.40743040589673,17.52614168495469,432.7637711883413,6.9717339843867805,136.60407952821043
88.25678242023419,2.032348956236314,0.39070033662488035,1.007090760012672,3.048409541378887,0.22110704304697004,149.10095670436397,7.908257093654104,26.289073738143177,8.127254944924557,435.9805101492514,11.190129946475569,128.19744649036977
89.76705861040814,2.857689594361769,1.441707865014679,1.24343279449635,4.575492272450149,0.2837384040691291,172.87684864287226,19.085350475520592,24.636122683453266,,608.1980048161597,2.0,182.4958163801
92.99344710119186,1.1017317795812624,0.6567489483688003,1.2052996301002548,0.7818107082243753,0.42718539773966147,191.82696308865812,14.148890163824625,29.127290583863054,5.903767714931079,368.88210863323445,14.588231859973178,110.1360921850919
94.2664478638104,0.8037534407522952,0.4104803832989705,0.862777380269182,3.7589908179346647,0.47196870525826595,196.96575937983442,16.541424054292868,34.61687194996612,9.647715357920449,413.06399732706234,10.357935191459827,122.98024105733799
91.58174209480967,0.9936762246498433,1.0188535045804579,0.7423603777958966,2.8413430813438416,0.3180333651439561,154.27605392786998,9.103823508713823,5.790727066808054,12.614443761778048,398.5950519372533,9.487806286522822,127.92090640284601
91.7247943968572,2.717312250523174,1.0483785339483194,0.3409656428457957,1.373329348939527,0.36458648212946076,146.3670517897634,12.58802694020731,41.144971123205046,8.14078238291569,404.92828721978645,8.259034862625704,123.00725271110623
88.75020407937843,2.114527031638015,1.0782057841424257,0.8443106560683284,2.3721745707358703,0.4613094488955657,215.23176271564353,15.581793521737476,22.057498858936334,,353.27013480607076,18.191850306945035,98.13012994313443
91.13188656776418,1.2147669730979003,0.6208824334290495,0.4090555487004217,1.668882985348989,0.13941874056517697,160.85331060496813,10.908037913936568,4.081251239925534,15.811588298382816,361.04986688298413,12.167995044829985,115.95705929776068
91.72832086518517,2.539867347421543,0.31813282105737,1.495294785335215,2.8965670139423043,0.19283143114646603,208.2677198086979,6.364195876649429,39.41604212531155,10.076478254687013,461.5284541217468,5.789856529065202,139.83260354251146
89.6972935254431,2.65342499090859,1.4580184433453662,0.496778777439721,4.44500305407333,0.38356000250063305,209.07931603702548,23.156090830936687,19.15902359847047,7.127730699710535,524.4564120129014,3.6103496757119,155.4690517856056
89.88470261664567,2.6162858467256953,0.6010716548293229,0.21127408004061432,2.8465249220610103,0.42949778476491984,201.80180734100355,13.252285880937583,5.46819100720517,21.165460376512566,422.80465370526616,11.355042228948713,133.58860863977398
90.64098914173236,2.7973163340988862,1.111231545663057,1.1494956618527452,3.15861209163292,0.44281161133223124,153.5066885322056,18.146248146329413,31.872062457390903,,493.72878318656916,6.151102112175914,144.22518514034545
88.14049838444409,1.1306025504334039,1.1479558438544515,1.230936492166863,2.593739235573547,0.2660428707419731,205.74411674033604,11.04303825823328,44.066501994965265,26.48245407456116,371.70995781964615,15.277042271405485,120.09148781029687
90.25455415908225,2.387604821865696,1.0320089004953827,1.7566348164329604,0.25582753222737953,0.13573596091674675,201.54004473932693,9.812898808565759,44.44379871599232,12.641077871876762,412.719873029373,11.268556450060453,124.28247512164968
89.48013604897581,1.65134874318535,0.6754888730563778,1.1962650635935956,1.1642927843804713,0.27511259091984797,187.73783920849738,10.95761456627675,47.90434200304417,12.999165549462598,390.81566660611537,11.459015322203202,122.2724942168655
90.2924814652454,2.6049963822251536,0.6253155045168789,0.7564136220745469,2.460008647160414,0.19229383608282152,166.97616281351623,11.002326163284295,43.45142025845106,8.282967285428676,473.28968610240537,5.86853822126293,157.32441638865487
88.83833492273476,2.321226692904033,1.0172019392432436,1.625722574900009,1.5511764187235237,0.21647858199864967,161.00068834132352,13.97196255072298,0.6059755076010236,10.283931891762155,462.0482822958013,7.458041664213592,139.51494238279582
94.23369096517926,2.4411186162493115,1.3393147603340299,1.1265298970561,0.9088179888059711,0.40890702273500235,149.7511369664287,13.956337139589989,19.321937737462818,6.530469843509711,440.46040887716646,5.982483685292576,131.65396316294908
92.15514717487834,2.140404594202679,1.4360804747080747,0.25063254079926434,2.5206642095921916,0.13021083441035475,180.78056535206971,12.937383949423177,41.0178577053224,7.117455263208462,504.376282737382,3.077225173254875,145.9777367982442
92.75371623401142,0.9435719236742672,0.4270869652845092,1.1751160645951686,1.6140489672392517,0.4310324869922809,186.82087004078772,4.965287268183638,18.629523796924474,16.386634268634626,397.5977636189023,12.44774189119423,118.67647680182462
93.52419867025137,1.8625672972423457,0.4857943351172638,1.8252352363011586,1.2905382158670737,0.27106763432966763,168.74711924126296,12.913660527011684,30.276651065795456,10.880439618821873,399.7807353202056,11.639611662676552,114.75336171972502
91.4890953925034,2.9616743488112705,1.4336835105396957,0.852993988446619,2.319927087201904,0.3384255724402381,178.02872541446948,5.7202858092543325,30.512688895039336,10.28757430225107,506.5695082920134,3.7893302991401923,151.0360103402643
88.60844201661196,2.8434701662427972,1.1838422740017511,0.6630190236096201,0.6664212904108657,0.1358608924942716,169.08115658954134,4.774987298506834,18.56875254992174,9.059642025364823,415.368704861151,13.10795911291048,139.08403211071195
91.75974579272983,0.6079343394925292,1.3595925897957277,0.37259196833423813,4.6387286653770365,0.23494363134291185,191.2804845856561,22.518205781505692,45.27145940042374,10.441523680595617,491.50383587036924,7.2626649849409155,148.04914053398505
92.10788782614615,0.9120370393235928,0.5431591609624118,0.3877464916771789,4.338510489596195,0.13588036760593833,212.10073662372508,15.308900289249493,25.409803096612823,19.1676771121976,381.84889201835256,17.474794934486866,111.78623002588526
93.2180763192903,0.8293219336364048,1.0051030453312821,0.9222658202494558,3.538102928702677,0.48461748915244385,153.11362096375558,16.508781278740855,23.50681819390629,12.905953322120736,447.21319912604724,6.207139343194177,133.1153693537
91.02161682360776,2.314949774963239,1.1413675133009684,1.2317916659069061,0.531069137942281,0.4229046597305002,170.51270479224988,10.839460747334003,49.876930410263846,7.598828175441603,430.1674892196892,9.745110564628732,126.99088976969107
88.89306211956895,2.5444633246423627,1.116134262536367,0.2531692698222433,3.879386272348465,0.2838531017425841,151.2694883160689,21.997579622127013,24.928268021594526,18.396379474356074,463.9852973939775,10.336335218616052,144.43759858390138
89.98643134059107,1.0337784157766798,0.7897820290400377,1.885180319147815,4.039786640545095,0.18944101932946844,189.99550163262654,16.03447077075264,9.330713470464762,24.288802360191802,477.36703909044644,3.319165043611092,142.75898873763313
90.54157607479044,1.7646317323795726,0.31847387002957017,1.5347538731458723,3.8388230885716883,0.47338204209994095,198.30964075908767,18.921737129518924,25.896936431740183,14.848247832653183,449.748975929024,6.667623421003103,142.9691332457729
92.5214206893212,2.601757570028,0.9995112681651157,1.214585444738959,0.5698294355962058,0.23783863829078872,214.55301860779647,10.108374318609705,40.793828408236536,17.400798304126187,327.2812777878451,17.58602644302928,96.60388691609828
91.99544813268238,2.3320038619156263,0.6037218470155306,1.6740334747840826,3.2195397853388235,0.16439377267494992,162.3097541008772,23.12026137802076,38.95458618146493,19.852166940584578,477.52462395904763,10.886677688025785,141.9994908025798
90.49267708128492,1.8555930137296208,0.8403050953714684,0.2523548379430153,4.171623978746993,0.325265755381582,216.0168964692344,20.05014838348293,39.53479737286931,6.279924967800371,409.3977363522904,10.299115683627303,118.33539897707504
94.90560674155086,1.9758692261469322,1.4490972181005808,1.0059938676929363,2.8867670060983386,0.4775096481379265,145.06101374565398,20.78686618631996,35.54717730789663,25.679888763019736,424.5193418066877,13.206093939127502,125.43889303069996
92.24042373549821,1.7709013672907,0.7788423811709216,1.2971769410371605,3.232036876140445,0.10153211620012903,188.24110906916707,5.788273883366594,13.083782538801067,18.90687529749826,479.40556691317204,6.5917608596062145,135.15381893184434
89.66058754215196,1.2438711282970514,1.307761927997312,1.6744405216247495,2.2918173971315308,0.1952499373015995,144.57061754746638,7.96119057316683,43.173162249091455,,426.1245580570635,8.617127323229164,117.1883164978197
88.71247730834283,1.9125549821475403,0.5262487268991014,1.5885921640936087,2.643536599420263,0.4753790561641631,211.50193502095559,8.283785193038696,44.72545153612512,11.586212160889712,416.8258504719054,17.253580254923232,128.17112191006635
89.07001397429032,2.2222132551252267,1.1069525976300345,0.6264315744554593,0.17188429175862607,0.16843438674286482,182.38472456560433,7.9600029114311655,10.110558482618178,7.135647763993067,415.51328878950045,12.148232904651577,115.92678348724544
89.72170409869156,2.6833072896520194,1.4724083453267323,1.887672322162488,3.194815109866423,0.14529738065592795,193.54786806102368,20.818979566294335,6.9575540092939985,10.670037272592673,550.8815464080604,2.0,167.29429141833322
89.12476961281689,2.09072838494812,0.42227172104752414,0.33625709871865367,0.40723606445579597,0.32807488631992177,206.5259140728362,2.7014654945890264,48.79244594516105,14.575744428030285,291.8603268924187,22.720188945019927,85.05561381850168
89.30596916835914,2.402803842607895,0.3099839306726304,1.762753875380189,2.175072971701117,0.444737529317932,152.0248497987175,3.6741997575770347,43.48203620069321,7.832303442275477,493.1474325984882,6.462117756465172,152.64187464036354
89.99566618085693,0.9001790873864325,0.8202993511591372,1.9447864742487753,1.4632754883370391,0.29084392707757045,143.08732495505072,8.026127153857882,44.71518928689236,11.847313026458904,385.7420692658259,18.444781170458047,107.10559867617846
89.21361516706328,1.6538936860494746,0.4111505796616406,0.4365916941229886,2.7271397510585653,0.4978257026738099,210.31049167302817,6.39720544228776,44.375631038907564,7.588116853086264,377.40371191312414,18.37959074348925,116.21236764234408
94.27735797238498,0.5233290495677332,1.1980612196114775,1.471925521987192,0.6670816776160354,0.37166867981519713,165.1946581967146,7.100911505422664,27.313497789669555,10.44528133532857,377.961888491426,12.899852633628306,115.04656631882311
88.5616362196315,1.1166971613040575,1.3974583966182708,0.17654248567819708,3.458217009866591,0.1296299628841791,150.31831263417322,19.5547501635726,32.49688596495709,,445.42380011659645,13.40354581661676,135.43972116138778
91.67157972699178,2.316154287782512,0.8208251672505105,0.8703033677643943,3.9750576846423518,0.49713285267279017,177.47689896696693,14.388785065625031,27.495461180615262,6.799775282066778,533.5669717814609,2.0,165.68958586889497
90.87277778892764,2.9795248783734087,0.6104539705865291,1.0809382684755806,0.8167722487157825,0.2631576947120762,187.8644860556815,2.126954548445296,3.034714284921289,,425.8675439666591,11.575078244432087,128.1116985254434
94.87665031836025,0.7479452489680398,0.8212839828079317,1.2032259292283047,0.5215654367594108,0.21496101353819302,142.4776482738008,11.445100845492295,37.40240272496224,9.660998204063239,318.15546330887537,16.644526698433225,83.20744457566653
88.78427231517637,1.5037357896532206,1.1681373814200011,1.8782807716722631,0.7275774139367958,0.32315167343115425,161.991652660567,10.973468390707897,25.513935650126076,10.03103474278236,412.7224296787749,14.055418453427912,126.0622693570844
90.78498919332019,2.5001774217478987,0.3108649938964452,1.3772763058589699,4.385637809492509,0.22172303672834573,142.6239899421517,4.506795927779958,32.561599202116376,9.45574549923118,471.94661643097703,6.629548202826133,143.18234799217336
94.78629303292759,1.0100890865722472,1.0073447873816366,1.0144281073165502,2.640946308781781,0.13458300284806093,173.62683113563992,16.875119349232058,25.380670346288998,,392.2478682321102,11.321195268274218,116.45123505442668
94.05854988125786,1.8877123732557157,1.0359500218648547,1.6383825689051896,2.336304980037513,0.1005713372316707,211.60800232529954,17.446138144348804,24.84466045496157,15.532689984242335,425.8133630680533,13.311932982625144,123.53514438202161
93.71950449664496,2.332678240074187,1.0652258962751227,1.906012359813377,0.5335590955117714,0.27983334116810493,218.61219291948555,17.859650819146147,9.003560919149457,16.214362372382148,322.71790512140745,22.054970380097842,95.01077492145582
89.80531978931458,2.0399636256504476,0.5904264959770527,0.1419256824963526,3.247780033784809,0.434745368890637,190.96380428029022,18.026360802289027,14.296328899486873,8.933728075937266,455.126473497372,11.530087683647633,143.8282409324571
89.19621311173046,0.9700618365385403,1.156863268053752,1.9667904172864734,4.33999795947545,0.32892607425203063,152.93101550276734,2.0011621925105296,8.363208251225812,14.908034196181363,492.3617391361552,2.5651599703371346,143.10898251797704
92.68050253947102,1.3884614217143485,0.40966978359813166,0.2636510642209926,4.1409293466172645,0.4996829195773763,212.46795119994448,22.986257684627887,10.185481633454451,11.121849520395736,374.80711948872585,18.162516281001366,103.74007847633749
94.5056319238931,2.459479461213493,0.539124403760161,1.6473348806106465,3.1302735449040062,0.21473865825888,181.29982585600484,19.912592875202588,48.66238033080509,8.905063999558601,509.6758743978658,3.624898687176468,145.5614488845495
91.8973402510975,1.8855662853300417,1.3529640559853784,0.6326360298476836,0.37639358325836814,0.21218202590402213,152.29994496823343,21.887597324964275,8.079115565723821,26.35443469606355,355.03089239395035,20.700535550331765,106.3327881322417
92.0012888262893,0.5130740338572819,1.1864677808718795,0.35114134973235633,0.5619851358800648,0.1638997840935777,213.7381335561329,2.344152496763551,13.828886003107778,15.319347084267466,235.4063917540743,27.41739605580237,78.9761701734406
89.95985365562198,2.4024769000702344,0.31649466481361427,0.9357257154562862,0.24654493554912338,0.16562543530613408,200.59752405784823,22.544893507286268,29.734188058059956,15.013284645555855,333.24052304896503,18.84342067699978,110.99641052508026
93.38645053234356,0.5882783873505977,0.5980515124437602,1.3235175009504658,1.2873960824623465,0.21407463840401914,198.53642181785213,19.8153476311383,30.70383952371377,8.259025081487382,357.01433361313127,16.45589545642628,110.35545763118711
89.30930623990267,2.3643344568280806,0.5572877795917974,0.8238085055446025,0.6783073358018887,0.4171360181094109,196.73445630355238,20.418821145091368,8.12171942231954,7.329565979703029,368.4629807978946,15.495635689488596,105.63266449636502
90.2657546548297,1.0062014004130935,0.624967593644367,0.203674275737128,1.3002402012621694,0.4623027162545792,156.0271856877154,4.052322463883307,39.78901257636801,11.905249197662249,356.6262910688971,15.110868083337019,102.61242854379402
90.97805507031492,2.8951837002984506,0.5970717243358636,1.2389761653515616,1.9252902785948085,0.4900348678830725,156.8805353366021,18.25311663620915,39.367541961684836,9.685155880679282,438.92344080589123,7.749997040403025,136.05621888559588
91.55327265079119,1.4198518782552112,0.3750315548914149,1.814566224610282,4.714913920355678,0.19291586163858107,195.0634398741804,23.118167172126,12.24722635809261,15.565491443705799,505.9729076175264,3.7968434478857285,158.4500494350971
89.69686812690556,1.3173290408451979,0.8507286199161843,0.8281091952997781,3.0518802989084604,0.4525190182456367,157.57782000883174,16.928041511199535,14.788981982435292,15.985856336887954,453.1097277324981,11.132998854297693,132.72293334748272
88.80385777317443,0.8722201258311117,1.179280169743398,0.5110322774985714,4.174868928414812,0.23130203571093483,175.0937357442439,14.552350901741342,46.9303993402451,,458.35799613504923,5.538110377522156,144.62965131505112
92.27434029709143,1.2640105387255371,1.0280780696609237,0.9408969572723492,3.551757503561661,0.1451362178067538,202.5601460475153,22.803852910477932,41.37073657598416,16.96386119807917,434.2626115577667,12.940323536585442,129.1309826023114
90.02041387268179,2.6916269045705015,1.1074460023176957,0.19188915099268367,0.5625156526331587,0.4480099702080663,202.71620144782727,11.744616678157591,35.04095313659493,13.161840335490307,364.301156582529,16.142686966118596,112.86176685526559
92.06866754995829,2.990835844068118,0.397379014243487,1.658926410512522,3.679602031869744,0.35444225385744743,176.26094180206877,15.184458458830532,4.570544464774726,,544.4157397427272,3.0096900583043382,169.05205685561486
89.08053900691942,1.4207738262671208,1.4417888522121447,1.6700475408053548,1.3754944077956222,0.1658923584324247,203.3751950620196,12.479442456876056,21.2040720046775,11.253622910697766,410.0779959260071,13.860081313971051,115.6145595329342
91.36798071298372,1.6215265773863563,1.3061902006116297,1.217200880516294,3.195539234973532,0.271932503005201,207.08974369584456,22.52261686992658,28.18544266780294,12.862205656305889,455.6748430612459,10.40270250421661,138.95964675104113
91.7281260278611,2.3051773455068427,1.2661083821947952,0.7708954889829399,1.7048098682149426,0.21490307795082708,192.3820601027408,3.67386398884116,9.776858755196958,17.66473049502292,425.2200539132567,11.027198863018889,134.70922889404977
88.36276475775699,2.715489451162686,1.287580566050121,1.6195883924469885,4.988361316323296,0.3947178274840788,158.2740681846736,13.02463341815766,22.687215814357113,13.329509512812779,609.9478784266129,2.0,180.18103842618055
90.35622994735745,1.9826108354669603,1.4192526097593137,1.1539053470978977,1.3177573974838892,0.2813664922497072,161.9209424308438,17.112953710479644,30.250780935690152,9.69315298221877,451.09039812401454,10.700961501986246,130.0442122593182
88.94090273857282,1.4788142454445734,0.9531047593364372,1.6692713862450308,1.3956523538713483,0.49571197804255396,165.18729243269883,19.421943845289213,16.705145665712262,17.92987869969334,414.2559381056742,9.776935428683863,126.75070860835275
88.44362479330937,1.5315546021215594,0.5403384214411511,1.2997717059077392,4.6533612778119915,0.12189799290383806,149.34432861871616,14.826410243770999,39.156768538049114,14.186663573035847,504.70162470671625,2.234952910312312,152.07770380723477
94.92972162672962,2.239045366242017,1.0401403294230493,1.590370399104315,0.12322202318161335,0.2420061064544987,161.8527696295956,21.99619037067199,42.10225429112087,22.607223751651276,386.538389774307,13.147554973007159,114.3249967759202
90.25647691482305,0.5080456590106968,1.1914577924015268,1.237269687113744,3.4834449393659845,0.292760066843991,156.76153794500257,22.72381183144518,16.518668736986502,,463.14602382260455,8.524499138166284,138.93274359698256
93.66912112098244,2.048973343649602,1.1855008720248303,0.8868680296097657,3.6266319536793907,0.3012534218993279,176.42629998468817,3.4150229102588376,42.01352914737663,8.045142671679343,513.1161555475046,7.792449856079204,145.58337663547212
89.78248458334635,1.3887325261033934,0.9257388290002562,1.9200971338596613,4.181892887051997,0.22637432895425472,212.6750038297812,10.852151869910236,5.627040022099243,19.507358345059405,452.82665594825096,8.869832965033147,137.87037339872796
92.7705190555675,2.4854933281927107,0.38215046320029367,1.128116267269805,4.872196553192377,0.3916960996390272,148.35842534031664,2.5160984778653974,41.96759038182149,,520.6807233565114,7.345847156464904,164.1672062836552
93.3215950192278,0.7324765995578304,0.7453355261161534,1.249670085227023,4.878009595783262,0.4498988293955899,197.62143391579164,9.247166462237743,8.061146367547021,13.710605408936072,486.19456125808676,7.135350495202733,142.28498942850567
92.16947118425492,1.9705056673709762,1.404919930156029,0.5189265148880235,0.32638378783231947,0.4754877207911452,194.98264035305021,13.811100795353248,4.604894049231439,13.121953611514332,332.96747762394125,17.455676489345958,95.74815863493082
91.30103331985111,1.7024322247153094,1.001338691708911,1.2887364999118254,4.109196613764513,0.4220373507198105,147.6603358930686,22.037488471218875,32.26788251983005,12.406887128257864,495.6423256317235,7.6427512465039635,149.55550640947146
90.88288639903088,2.1058138147630685,0.9459983319068561,1.1860545340175934,3.2315496682869065,0.4402320789226398,213.805792392464,20.624195094238864,23.86089960488707,11.382442210082365,429.05832474318015,10.18960837140148,142.94688467439906
90.44207786580097,0.6621339862074209,0.6226242172586323,0.4511929560993474,3.236710671865456,0.32021812024799823,185.47777617254556,4.8049939867836855,45.44058472043522,6.29114033274172,432.6435728244589,10.890933070927074,135.292488215105
94.50670400973478,1.949959468570328,0.7421387038998947,0.21321548497097306,0.641749633073474,0.43035529057072586,169.09804169085473,4.046668244299705,18.477865206497036,8.159300401153807,382.455638722007,11.7308062956857,114.26581769295561
93.8143358545141,1.9037114698988093,1.3744153069838032,1.2482827074580651,3.250935832228267,0.2214015636591809,200.52308667962453,14.963881452646675,14.71403704016262,19.08405040545885,479.87931757909143,3.5923270540282073,144.1617893639881
94.7551883746656,1.9016502360404273,1.099755657032203,1.551015311765609,4.912412903006239,0.2593915048436858,160.5892366721307,13.706595394093219,25.286377854137818,14.46193878764567,530.2190080272654,3.689790419433795,165.05993678626336
88.87008056439882,2.008719166491137,1.2448644321027993,1.0944626047518156,4.559092847697235,0.22676520552741775,195.48078696370564,7.860308111460524,23.069336195548736,26.14659103991028,504.19641595012115,6.871744631893492,146.71204854739094
93.11607232642551,2.1911698430659055,0.8452145076811861,0.5308679881073268,2.1956533040242525,0.2869549341791702,143.17689660577977,21.787967860184374,17.54918828775082,8.04393242485841,408.9464298463846,16.175620617395783,125.74264198723739
94.56838319774727,2.5124724992019245,1.0562966633473894,1.3663917557167664,0.1997398664304717,0.21423184649545457,207.15264300874176,22.402061008154178,34.840194285567264,12.034019026501488,374.26737037977824,13.439865486930106,106.69293606946253
89.26863146315962,1.1745518003205357,0.598060330491849,0.2522008805582443,1.8114674500010242,0.48464457690177876,175.85366776170548,10.857451643483579,38.09831077873846,19.400084225579043,356.44574519519205,19.411828634366326,111.55829690465033
88.46547387156744,2.5626235254501553,1.1465529963401835,0.9394840391237137,4.131951558002776,0.22513785120226726,190.93543314863535,21.586656256497445,42.72270646699176,9.714995269079106,553.8140242276124,3.3237718617449956,164.67443530721266
93.18784454503042,1.745639205658634,0.8131216004440047,0.41039684095699835,3.5074955073258303,0.13921781524437593,157.6990255845347,10.446875673785398,48.65640193316197,10.032734353878013,455.227015730563,7.599513023481454,137.57157534538354
92.02131179225938,0.692645697835828,0.8310546177776947,0.4504721970137784,2.296718277969782,0.31072686642016534,194.16589701267583,18.209970300253403,13.699481510558972,10.833726086452621,389.9729379955794,16.578338739266403,115.19750097433315
93.89280143730791,0.646377323109948,1.079186789492258,0.48435850340058695,0.27550767579415547,0.12283963137807055,201.77922207146213,12.470728786049932,35.946627383253094,10.194627664753988,316.26323856800303,21.58737366713015,98.37240511716749
88.97840663638402,1.335595796740152,1.423536745762712,0.834743408383558,2.1344736391165133,0.14421726652343222,177.8570549507519,4.696829443158026,20.015782657039388,,442.89815706419944,11.852513591943204,131.99603753631234
93.56687118301923,2.4622424427786687,0.37680761593034506,0.19718539067875548,2.3451246985894176,0.18775575567849853,189.41815392494354,22.414552427214474,34.01555761157985,,447.6417748095458,13.523378772722735,145.082390873005
89.41139124033421,2.269202336852289,1.2896918848164092,0.8558075377652865,4.64277766447068,0.28574009995285665,176.50607390579188,11.990125054305805,24.061093672286407,23.502113727568034,538.7127115853542,4.104306768271659,168.7081514246173
89.14559160005993,2.471537411681016,0.6508597324946317,1.0722441495179316,3.205430517910797,0.2733003729236112,211.52730954062764,18.15871488709288,49.69176858701262,8.298997043577309,457.74235052149965,4.106815699555744,130.80126184493616
89.14986058551695,1.7931726411040234,0.8327033454076533,1.0182591414360178,1.5582645832732445,0.4198767448011165,179.82953444114554,10.077823917488427,36.580655721642124,5.223310126648364,449.8220454805412,9.65935735355181,135.90389432491202
93.70202304161967,1.6004974948887263,0.32629599453001074,0.827289790765777,2.626591322253607,0.3957898615536454,207.3446967223055,2.4153793286771625,47.64831937149906,12.132699442661089,374.65779400411526,11.89377347753181,116.07311436118083
92.6563805448734,0.8686313167657098,0.6612552934011756,1.6943785553344297,0.33027653911080035,0.27052731759628057,204.10816466161987,4.21166789122039,41.83099269931869,10.47550436841721,310.1075183575763,20.49429867194819,90.74145886430681
91.66145797338383,1.3204818840232788,0.9031574911561566,0.37612071559895777,4.862841178248684,0.23348168303025196,172.8403857078685,12.916828548778337,45.193600052586866,11.345351498902858,498.20926087346425,5.330514853033468,155.52516178184933
90.51181338886451,1.5850484154346882,0.3674112928169268,1.0608238131846106,1.80029950965363,0.22658751362459945,158.406759348598,17.179215856779972,40.81375026212641,13.804997028503173,378.4378251647349,13.557584181297361,119.00460162897183
94.14040378569176,0.7215010741990431,0.8893148752597981,0.21787869221745315,2.3893367745656793,0.4095980349176036,172.48657060478166,9.36417718474414,23.228376953607615,15.767273836796502,396.5133169647299,11.223728356474838,118.53618232345464
90.74711575195845,1.051529881778028,1.4125327546301127,0.23519578986802853,1.776419871184613,0.1208289624885079,206.0973900620176,17.30074610190831,12.963528440670776,23.918699083619885,357.27342041506256,15.357462565300523,112.08810554488568
93.71619607630105,1.995563235159347,0.42647186172936624,1.190345114386483,3.412558650581001,0.10512865980424234,158.21060286555138,17.369982967503034,18.83084868480085,,494.85917028255557,4.736945274539383,136.40443761022595
91.07394435999153,2.3391577855979744,1.2173288736906052,1.1754350072868598,3.311160791647965,0.4182177567706592,181.95490766861994,17.486589961212278,1.501693515677547,,553.1899300650949,2.0,172.74492006591268
90.63861100597435,2.9958687784823743,0.7916052640511911,1.7682636744044682,3.5766115526456783,0.2908585503956197,204.48773983685982,12.835480788451186,26.437661789501025,,506.54436043328496,4.687318977610927,156.3958521403631
91.23875849968725,2.8327833283588943,1.0862084574292057,1.159959983754139,1.3407161480596042,0.1523524554214304,168.2781980102703,22.127495302673086,25.50036111338523,4.236280932493295,504.2562401099913,5.830002442285227,145.8384835593411
90.109645119149,2.1064129988379787,0.6122839175822752,1.9236029387692153,1.57834240582033,0.1942263738378005,191.3767709602158,12.762323395573542,26.499898009109167,8.729623475661011,437.36062639989933,9.386045269964148,132.46758972043406
93.23326566123376,1.55312013323518,0.49139071504962994,0.19252021195986657,0.6262561554810397,0.4730015812389531,159.65052592390515,11.90583425692604,48.71454563611716,7.280559941468709,341.0675361016922,20.273893981208612,92.18884327367147
91.51904273064736,2.0904434117705817,0.4925551371254717,0.286214601083408,3.2775498592305627,0.44380119024995923,148.7423556294528,6.386378018233794,45.61697317101454,14.572805333295163,397.79667894617063,13.099788668950163,115.52188551957003
89.62548886602772,2.46412904520058,0.38459033477177357,0.18372513698372467,0.19898563667826275,0.3839140200895891,203.5507380074285,8.768411921839403,8.504782527340346,13.945130320724612,321.0337160934027,21.166284349674527,101.78831151843286
94.29702201292199,0.7958404773084683,0.5227760458814916,0.452026015633726,2.9884116776172953,0.29289009213493067,147.91748987269654,2.9313588354026736,18.759684817016513,14.05771112850327,364.56821747143493,15.225580967504587,109.30628444940473
90.68723854961247,1.5247622242407206,1.097063261986762,1.1284132107891884,4.348479424258169,0.30812945047655427,161.71051160636677,15.937776459555746,21.485830883431465,10.780760313405453,489.4901355470326,11.328207494911112,146.50602580149203
91.80487002779792,2.599505714089043,1.3580287342122097,1.3265871447121131,4.454160741448168,0.49009781411358344,208.40875375979522,7.4677863663960435,18.346379433656566,11.224483019157688,519.5295276232234,4.372166140209853,156.08498924019983
94.34530477675183,1.45958237983261,1.2769508227093942,0.18661180010247072,2.2451888018498085,0.4863081775537149,167.71754296629337,8.691415598680232,40.025550198393695,12.044013112744528,448.3587676931504,12.401895787181171,134.15048207675758
92.36966597139795,1.9296806780679663,1.122161171849381,1.8973446907066387,2.296518441065369,0.18610761831433373,217.84362796113288,18.957919476615068,26.439864658445554,10.376614738941356,414.54270784608235,10.448699394687832,129.30026093866834
88.81828628495855,1.9694234021554955,0.4325182360933232,1.700114215635724,0.3848459150400868,0.42444182652212725,218.37874678190877,9.198866029551986,28.81894094009544,16.62442349323371,311.2811664807401,19.203206124928524,90.28940187198272
94.57882486529432,0.9611906328340984,0.6470249355551398,0.6635637160984769,3.3538251272151784,0.17889706646680673,161.46208163628455,7.328309624289128,42.72417116990231,7.941757112622388,442.84269076857515,9.068309433215166,134.94953759887926
92.39395637149993,1.4055886041307208,0.6717682503869628,0.24665630743028913,4.106297101864228,0.18541499115358057,143.27825777999124,5.7192704809415265,40.39344359406025,8.910892944119771,422.27340181117654,16.16412770864205,120.95893221896999
90.34433930259961,1.3362782218548304,0.5999483356771455,0.4227854391162088,1.2232752730235652,0.3704372136658307,196.40506273643032,19.046884848003028,7.044470379604834,12.788261666960969,344.6504163161928,17.002486658573375,107.10062103619138
88.97490450864372,0.5654917713301619,0.9180067916516677,0.3411943861344481,2.106504408166823,0.2620004394350194,176.0789202118675,4.853537675780592,35.8387719121399,10.5152681736407,387.47258042842134,12.355325375812821,114.63491861926545
93.55817632489207,0.5604794097283881,0.9426645778556071,0.334239180667999,4.194196683826352,0.47261776284260815,148.0602275167661,11.982582725507777,22.054088380650757,7.818458154986834,412.0131203422763,14.64076327971227,123.39899843845981
92.3405092914996,2.579242609189434,0.7282631702053322,1.0852672084648944,4.38560233831144,0.13560389395840355,196.60182551824343,13.152462553698276,15.085120701593773,15.070966257726615,533.9956635928866,2.397955604041609,158.3878443835737
91.73422764383425,1.182677024932031,0.7245469904837232,0.5671101407374606,1.2158999013211296,0.30461025632379723,142.49399272895369,17.12257807908572,2.975931634658224,9.689909157253389,341.3407472967773,17.256501294956188,101.22395718645718
94.2572480813567,1.7951969155970386,1.2942667174872975,0.7804654614053744,2.7528531727068213,0.4674086121772485,209.61573523937938,15.9322366113259,24.618853237099824,8.68946707963254,419.82165727681235,10.193702794899298,120.92286604481643
93.52018047857172,1.2468139339719326,1.2471514179836227,1.9800601334302126,0.9624657531791353,0.4616454641918021,151.0922023290643,19.835854804793847,18.094115695864303,11.361700761850166,398.3534285076329,14.109382835793397,121.15227886308654
89.06172415812925,2.8516981127883514,0.6693549980168947,1.400197072958155,0.5093938206977827,0.1626116853662965,150.184950299738,2.984531546377239,12.949895463981841,,399.53643066837196,15.162396813749643,122.6342496873557
90.18205447456884,1.1482418971644344,1.3965461326479112,1.9030632673893026,4.555602506959787,0.2466550800385826,154.05378383748678,8.521695945146739,34.8862506150494,12.017061942250498,562.8424531092865,2.0,162.19953516355582
89.73942397870125,1.5741420318473378,1.4433780204030073,0.37085745456291963,4.102537521160546,0.3476485600186785,216.82130867936533,8.162950613058355,38.58952667212156,10.549943090168146,414.12817535197513,10.911078416851224,121.25645307569349
93.20762404800874,2.6818256262115048,0.6920910504360489,0.8260650021818815,3.8001745090158696,0.16375795390856088,195.45354882030767,5.212371923026381,12.617081191956528,9.924118023576167,516.5029638877149,2.0,155.1009583793976
88.23472704315046,2.604833916979522,0.7253099385516658,1.153990426236473,0.2438315940657021,0.4872088688182955,204.10972283709094,8.361921584841749,2.9476481156276892,9.94894559285124,367.82211873033964,7.535988188045078,107.3533949281052
91.98922779409922,0.9652535446156933,0.9067609841063506,0.24584031758860223,4.218643963551287,0.4658997314910641,171.81079885862025,8.814836911143875,42.51325867797913,18.142297048969326,452.8308706286493,6.88259293335559,134.73515311766116
93.33721080018483,2.506608274489276,1.4293449750404081,0.10795614289311994,2.190220379526919,0.16678007161378766,166.90501820039646,13.481458162404522,0.9930071896130143,14.121337685497279,443.3634414118106,8.786655604372458,141.08954112599326
94.13735945733225,1.6454672168447315,1.3515833197707738,1.3738252342141433,1.711975616479298,0.1484621845043942,158.7587205426536,16.601498536377633,46.88706844911287,6.1491962949258,445.6461387302656,9.230229238397381,128.6030276917842
90.39457224101135,1.707422180213388,0.42308155510030776,1.3194570819227271,2.7323818051268822,0.13416339312330613,178.4518422649927,10.38421129945991,31.56718376214394,17.34309565412811,462.9037354104927,7.426078621555048,127.31018560845631
93.74880113270409,0.8336999310398594,0.7712768919256994,0.8804987389992622,0.45676621361777914,0.4637774656146525,184.1462986827335,17.828345088894388,16.431408442465354,14.978604525668612,322.65937044977096,24.789004259237103,93.80411207339971
88.77442215868645,0.7015037843928116,0.9640454276997261,1.030323744460862,3.7832327467619944,0.17744952391818433,190.54198749222041,9.39563744875076,12.700656524048442,,460.8466817416177,9.114995735135844,136.61320609758684
93.92516604214163,2.3198482674344127,0.903758967061848,0.8893417011249702,2.9121753844414795,0.2665139714177419,160.56948031989555,8.386240900924728,0.9457803810915246,17.377293009283974,472.8093494697654,4.699966590162712,139.3928550965232
88.89242063632388,1.7411528808882495,0.5326356815242712,0.14560958520528883,0.9329504843658376,0.2795405462608012,215.89232647223923,13.906137228854536,12.155835142038418,12.255955900124459,287.85939009149627,23.282383589523974,87.70187301335909
90.78101103392257,1.5921267565379489,1.3305801254017857,0.7372060518131786,0.941160998845228,0.33960441768542704,153.58067985657087,2.5217599267273934,7.317550925098485,15.611900447689386,366.91216412062647,16.42998031189219,104.93324043697207
93.58106756045687,2.323770571630992,1.1123289395962048,0.4364562852548507,0.9212432578633711,0.12869413749897,217.252253981313,3.7553607199480084,30.80222792579571,10.116939771995902,341.8817079589056,15.549642139249936,96.68811180469041
89.04942199144142,2.4137822474777746,1.3054900498221642,0.28700595929260064,0.28501193775966993,0.19070344696020639,141.1884898006003,11.195329958903596,8.744006635393164,17.09920766891043,327.19103988377054,19.40232791596307,94.7848760932273
89.60475976662849,0.8972704191733839,1.3305171352193665,1.9177688243897646,2.938992246858424,0.47259615476757044,178.49005534534766,22.74407965061864,26.667176958062655,13.29310423255985,527.3669025133037,3.8709503253029105,154.9408270715953
93.05576797875146,2.025562873694103,1.1980270243988878,1.2387834775801148,4.201740887942541,0.46336404290742783,166.669427049325,17.87325915655532,29.710762906051304,7.023174601315812,532.162486938807,4.476009893790875,170.25295082138769
93.04025575582251,0.8383852056942138,0.8270527214996608,1.484446940049545,0.087491069936943,0.41251625896227695,175.92987311442005,3.9387845290122705,15.253064068172268,18.440585830472703,384.6293732769183,10.67830563084309,123.15104972271703
92.48803343019708,2.3784377150726144,1.0326561060185093,0.6991911122056231,0.24502322485636774,0.10776049824728617,185.65316631846312,20.61899628117922,2.235714976426576,11.57026147669662,388.9638770415422,15.179045859103635,108.34152836598882
92.8576391112697,2.142387890667849,0.4924384873436918,0.8469795460386288,2.863851383434729,0.23080270739844086,174.8471326410167,18.11061695337998,2.344067090402707,10.94355738448136,470.7820514297731,10.157245196155987,131.5855708644766
91.79907110343318,2.891536552708645,1.108374500969889,0.5501555884037745,4.0974784269302615,0.3511834941371631,173.1877480241276,15.44082356545837,1.8041929435989215,10.205563530361339,540.3895412598278,5.544209857229867,161.68809763984598
89.76259341234866,0.672395040891053,0.5151039068871369,0.28423477483430704,1.633694452843168,0.2100760847093903,198.61787323306453,20.046445133401903,37.086671023259036,10.5092366605657,303.5372276739548,18.264886733190743,100.61914336220823
90.41987195452744,0.6426368028781357,1.132739508612188,0.4401601111390092,1.748071994038611,0.4638346780215109,194.87010200691716,10.890416650345056,16.241480388307757,13.35450960629369,352.10590452712165,16.53962309256321,108.96222006726893
89.27118401760998,1.2054676867330003,0.5755177929047623,1.6152766860633232,2.9817324874838795,0.3535557847329768,206.66170256286784,6.873023118784761,39.91685920539935,8.206840402372531,419.98177494654516,11.303326947341695,125.83010398794957
94.35915392933539,1.154264209339765,0.441061560180264,1.387337029849174,1.371064445620735,0.12876268692657825,159.99671849915964,13.264514560392705,21.870774780221033,6.5048947385194635,402.6802571237761,14.136616903262482,118.52370577357468
92.08374256336285,1.1174469976799997,0.49834138817154894,1.1391648643724062,0.13304183038842066,0.46360223553428126,188.76228078032509,14.074518623056424,22.92340599108321,7.958287068981984,361.59869614947485,15.742846112985635,113.86542122704647
90.80595991734548,2.7656364513025915,0.3023905622628843,1.0026707584468593,3.6761425905079803,0.483106663270489,186.81558283142832,13.843180184218065,25.8876888242239,14.192123680537597,506.8368847999479,3.0222620735258197,152.9410123380009
91.23404062550892,1.1238654996237654,1.1624875414242362,1.8526251389466364,3.1282495647072657,0.1310849673566902,169.5790248698151,14.431623412562317,35.795057090567646,11.418384608478451,500.39613534293375,5.402661917735083,158.77763251878187
94.6309833772827,1.1798743153215776,1.1788812588700548,0.23819640077946996,2.9037799952782954,0.31294409394452594,178.88460335221447,22.871508201261978,14.038391858570499,19.015933820116594,431.9345672131537,9.770230490632771,121.14184585181702
89.07345982181256,2.3984956560449096,0.9179200198959112,0.6331415451520402,3.7084206449591157,0.22134571288566818,165.1025714644583,21.84940370811709,6.518573801909581,11.870245691131212,480.3446090704155,7.69681033573724,146.2216116637906
92.10360882411759,1.62434960612635,0.49363536126646046,0.7648819217843567,3.3761541878101875,0.25713563059256095,151.3475518093588,21.265774804296665,28.024838091977344,17.06458465892409,402.46738869407267,11.183474130782438,117.92372827049239
91.54122075219126,2.441776392387953,0.4002652050128277,1.586609043204297,1.0294099408916058,0.17186048718213676,157.10409685301863,19.6311698399898,16.685392350515595,9.233832244631,401.9269729200164,10.801222854302821,122.64946796357293
92.28017964804253,0.663415393910963,0.3229547597247444,1.9857777783077455,1.7624052347167556,0.33122884080496506,148.4410917120961,22.755418359836277,22.40332002656785,,371.7248756668188,17.89289038310442,112.77174395802761
88.12677128674588,1.7189279841834608,0.4988978123582648,0.5572739780385908,0.630550708393125,0.4831917412995562,194.64556601520994,4.166882116946871,32.523862062696615,,314.7185628430313,24.367570200166362,96.9638998979095
94.10486736260906,0.5840340004582065,1.369026641979776,1.7611839348604532,0.6492850670894051,0.3012290401086436,192.85819144873213,7.8327117518062686,24.959224186492897,11.486922417269358,370.68873283978985,18.989443826263297,116.09453058581789
94.52482797738529,0.6566330086383863,0.589844210042018,1.6781832448204035,3.380978731782696,0.13316583255779246,216.04850972638982,12.891230804400868,31.203801446491724,,361.0167813361214,15.974806307213234,115.25399729964556
91.95593228512446,2.7660936333610273,0.7251255926606588,0.5268490555193566,4.293000534912491,0.3480005333909634,198.3742730917793,20.623758848714914,27.43790010462458,8.594772580700354,522.0504357560877,5.346219482675343,166.37374657884442
92.87655576713824,0.8481134277939879,0.4264145813775998,0.8587319023785228,4.8136629193056955,0.23608919778050283,144.16366710049053,13.113645653500114,37.119920410836905,6.460942349255529,461.1755687858252,6.733388932707246,138.43164214103442
94.45749566824107,1.8310517056880427,0.5668335656978043,0.8783784516557862,3.141735587747222,0.4423700758365191,210.73961391431635,18.456764265514952,35.44386257672519,15.680323228862258,394.1346451328882,14.4855869674736,115.52864367181488
92.95067044019379,1.5277390065017664,0.9230694849362462,1.9586192702004608,0.9205066168047848,0.27387125932658807,209.01401303565808,5.057117915476157,26.94239964452665,14.994810007687619,338.93717078606653,16.717420803274713,95.55204239241134
89.06777330039984,1.3683583156471066,1.0293032197147831,0.44369461261990684,0.5282517272446535,0.17713584357689827,175.4656256618159,7.553103885484324,34.10569953255549,9.53007236255968,362.9578582846829,18.47637957310559,111.0617891872228
92.0340185211677,2.7495833642181813,0.5944227769994532,1.618400145099086,4.064254857683789,0.176442249076458,186.86904404223372,18.099074090828793,43.74120031249433,14.176044247028264,553.6583076663087,2.9542648225429926,170.27207903702637
92.24700532467999,0.5545584919387238,0.3692785910701406,0.7349661569289088,2.8937823817999964,0.4075056722884641,218.0862665978015,5.624148195529929,21.897428745514347,11.397814154836604,323.1105039014592,23.303067910078216,90.19091242528222
90.96891469911671,2.1594742154389728,0.7692394429528784,1.4886536569747049,3.0914251050685992,0.20623503932294396,182.5843491078533,9.729830562408388,20.931772101065285,18.962601564223757,520.6789643058216,2.8870726804692732,161.92701421299017
93.15510964937306,2.908486085533876,0.581044045111601,0.8980209081617594,3.907310443773546,0.40689335766368917,212.4257462700872,7.827057671898571,38.330158232192815,7.207312694928797,492.93663310824866,8.723136753524109,147.37423838055554
94.5405691033831,1.900420458654605,0.5634647078757623,1.198883549921426,3.516386138662258,0.18235492430663977,146.6431006248149,9.696957272894526,29.336414933578705,11.580347303651976,457.6152522153665,9.40370994662685,131.00549174339832
94.47897959034744,2.8420561550827297,1.4518353632561463,1.681962369319649,4.172291264280483,0.22867454748052377,155.28414949669462,17.58312907971535,4.014835621018133,11.216448378972679,576.2589189850645,2.0,168.63623972304612
91.15587559982893,0.6306446982150594,1.0395605831108687,1.6279145734693798,0.2810695272993924,0.2861947889758798,175.26039547530542,10.092637985141621,44.65954477670853,12.993462983164445,355.7372051612948,17.215011267289537,102.00494773516955
88.79266632088529,1.5469832976854034,0.968254131806515,1.7462040487254302,3.7376031837325243,0.47727833987738033,186.78054466698438,14.215793097374684,2.0237635607631868,22.53016604465188,524.9640293324603,6.39890397641015,152.8619325592428
94.89388839273634,1.1503944774051278,0.7989301242279863,0.21327291815485214,4.254263786610477,0.47269256990152986,205.298228149024,4.198501295197012,37.545619632382284,11.594294596002467,425.242224235091,10.71674863140521,130.4221742527405
93.87228660512154,2.3270524124518244,0.8147332001161731,1.4148960507755153,1.4306752122915718,0.18274875016891512,219.06096921145496,19.71038925116181,38.06031006386349,16.399533215298348,358.9875903936219,16.1188690447411,112.0154157615293
88.87263876842287,2.9532427262431167,0.949086004605697,0.3659760157713494,3.2022363699662644,0.24328761649722913,171.1081197179293,10.137549764258747,47.67899872145556,11.48306675288989,496.12349453387816,2.0,157.33277626777945
94.44589317832161,1.1413251561106195,1.1357157684433286,0.8900552792349808,1.5708103191848606,0.15975975538150894,143.79325089120678,16.26775149873353,3.179653215914877,18.697039154675743,333.21007599411655,18.04909779107458,96.47191163654247
94.08927453443489,2.1354365036851863,1.1425753154181952,1.142317988603908,4.78985533241227,0.30399403172539885,204.09372026362598,17.958571236560317,30.0444146088323,16.463393368563082,510.9976650884171,4.648910648842997,155.01408086380164
91.63186639988251,0.9952440818993503,0.5060326892465394,0.8652050210189783,0.16711786217751878,0.2842330202778667,188.35045752662467,6.612540286457409,21.67810824603912,10.661871884005132,321.15858681754344,17.782817499075424,93.11244704376975
92.1389280502145,1.9133256364290248,0.9001353024919523,1.0872621840257142,2.898964219164775,0.46030406498029297,155.88342870945613,21.4628496689737,16.86633126554733,10.359247257806187,469.19790416821604,5.448457269179826,140.85999076544334
90.79301892709091,1.6598312167208404,0.7943497140409224,1.9933999867173764,0.8325177352475754,0.47200215111642907,179.58627652971361,15.556933535352965,4.970768734804115,14.802324892613147,411.67782915113605,8.363296515605656,116.10144680871252
88.38333147175422,2.9300133240788426,1.344632359523261,0.356912896054424,3.5611010258857934,0.25342695640291685,199.38481964269795,11.431953118532592,28.351378923729804,9.373040945044595,506.3815769497311,3.3201726534150744,146.29848738322042
90.3463806915213,2.0213181817411665,1.0577027054620516,1.3833664861392085,0.8794514170933104,0.29669517720759575,201.6329429654915,6.01137403872083,24.212515920893374,13.147781514274675,410.532317584841,14.999772786806952,127.17499771874618
93.61997414018609,1.373765930217047,0.9390048796991781,0.8524018361326688,1.1769163094917878,0.45849449965845324,179.96947295990097,22.730620633826547,5.675445678475701,10.566423389010442,371.7891829566729,12.293160757248131,104.11942512647312
88.03242416103222,0.7852394622198334,0.4384735706147008,0.35271861792392467,2.4718540552287904,0.4226831230980246,164.41716241030872,18.611500490895754,30.81823060130563,14.115042310584315,344.2621201699032,19.03706489003207,106.35279088935941
90.33449420183801,0.8781170718373363,1.0267654671880937,0.40159985041118806,4.57417474998439,0.10146252453785971,217.89940656307948,6.576540380131475,37.02867945252046,11.422589955737072,411.87596768575276,13.80861567919397,120.18204504546725
90.7871808551366,1.0632923248780877,0.4406446868162801,1.903618901866672,1.0585718607398542,0.22802382567343302,193.06900887651943,9.429637043932939,38.48027590215559,9.234694468704973,367.39617150700377,20.514029521724503,100.5911695285684
91.76176922056545,1.127416653350745,0.7046478906789024,1.7712428437523478,0.7212001055905176,0.26870969677445034,172.6590015477039,19.81283367793761,45.315972818990154,18.956042818924644,379.83490547667543,16.68991793167111,101.25762494584528
94.43898931488933,2.6265401446028447,0.4714103577771982,1.8233797247885415,3.794884159270153,0.1918865134732927,162.43705793637218,17.30490859073746,20.76880172349447,,547.2685689960867,3.1276736425254175,171.49787743159274
90.42442196056173,1.9030569707063123,1.1304883764292426,1.9839122740720343,2.503097661669655,0.1798286463583755,198.48823864028498,18.847254439745935,47.67710204679578,11.924151126408955,478.1849450340284,7.480598903727489,133.92840117012912
90.42867241327359,1.808477278435916,0.5475025366033831,0.4957992410161841,4.558925561908857,0.11511380263827187,159.37467564750142,11.706424248684513,43.33875555159296,14.411053237677093,485.5811141184384,6.155225539016855,145.35247115546122
93.16250873676825,0.7869221796730437,0.7702312478256312,0.7753347409917173,0.7330727857992114,0.35734789002790424,153.73679911789506,17.76247777812767,15.176827765684981,6.2434010055238485,345.80609780826416,19.039911201529904,105.51158331436416
91.16552558622865,2.6503492333735874,1.3748097331425344,1.3715161568572467,3.2296394651151967,0.20500411619326628,182.3867111169656,10.502861903006101,8.384510348798194,28.108553636823856,565.266091655615,2.2761152129668765,163.01381635145214
89.57223376057988,2.3070357580212093,0.5451796600787644,1.0192248257352299,1.1643957307590753,0.12093887137252524,163.19899141153135,6.647784172640321,22.051775108336663,,438.7644909106038,10.239833342056265,128.86172043141337
91.16707661292885,0.669170904750004,0.9093660767505349,0.8949401134188336,0.7838021432581965,0.19239172421122547,190.3124115938892,15.918894766509919,20.393986043820348,5.555180056887967,355.51715737097334,19.142399214051284,109.04926676133107
88.9859991426586,2.2695877430744216,0.8031259933992263,0.7798413737376267,3.4171470757863527,0.4207655811344506,149.43509398993868,23.472306363173473,28.998105613894612,19.66494896191479,471.35022762859415,13.058404382387842,142.8716492126806
89.23470890554356,1.8588455433566151,0.3217488492548757,1.2281832006925593,2.9684230995436662,0.44059567265861865,192.39528836538574,8.833221370697252,29.377618500223527,9.020002388968223,465.5993679997401,7.893768369661423,137.37693256755074
91.48857440917635,0.7043133643669457,1.2513097362873753,1.1936275144161559,3.7741372918116562,0.29322649807732104,162.66372223981617,12.141331028675872,37.62435572680877,18.494721024005557,469.29593562953266,7.654328404816028,141.9733038372364
90.93247814653184,1.645751603821641,0.3828550875775196,0.4067698847220561,1.5473128822309117,0.2664282681634745,140.01943475476102,16.82803016353678,25.739552436177703,,306.5375312906554,20.29276382090027,91.45008606626874
94.40392130747671,1.7117407178251174,0.8691060251723444,0.9963056912850342,2.2398582819109496,0.4911414774007127,150.15488461393412,13.913138206694732,5.688720726567895,6.500207308864142,438.33580994546776,10.200621086936563,126.64866008582769
90.53675729381644,0.9144363504081894,0.97281395392674,1.1515963747987148,2.0273583816520926,0.18022586383522798,214.68923022680752,20.555411505599082,42.98542110987875,13.524524722397354,334.75254271225697,20.66600717097214,106.42821509754573
92.0641184519463,2.864245367500706,1.0541117479375044,1.183545183589642,4.920447319832571,0.18614371314184341,209.38837112922863,18.75833954232935,15.83334686766676,13.13241733649383,527.3530712962759,2.985863569913105,159.24302431368992
92.42585001543671,2.624938428701655,1.1263579551694507,0.49920366653346837,1.4612447836969396,0.2167468708145599,158.68872256289893,3.282538484971855,48.5792242851763,19.311650907847774,409.23566814674854,12.639502712882821,113.56054455782922
88.09166119611834,2.1725558433227707,0.603926860227258,1.510315645279345,1.4740861917338344,0.16910292731243493,202.2697523636393,23.96526714632303,6.334075379648622,,418.1603895891884,11.047869501543346,128.05649012261526
92.64476160411698,1.655738902501518,0.31197453199013925,0.1478782801600323,1.772741044143037,0.2517462392816746,188.68572745391793,18.552853981828278,47.93343302550891,7.420417639023253,370.27580218116475,16.356050826589932,108.00516140438125
89.24625176808826,1.5294138539612714,1.1681323948258944,0.774180525532009,2.8229704064516077,0.4643336907959016,217.67237691598956,21.00587295847049,5.00508444068459,18.190649695053395,353.0127128793201,15.752590192819655,104.45663291055556
94.72749222228619,2.1274336678773853,0.9427879192170943,1.5824040322177038,1.2616137213187262,0.3461391362514297,169.88845276272474,16.32634966609762,11.936288828379443,10.322998053045405,464.0472272695871,5.423927089393333,139.25514235185983
89.0406390942718,1.8635796735172636,1.3033412438486984,1.1713965500052645,4.57644970189637,0.26477861944490544,194.5168490013737,20.83827281702877,2.805707133283809,24.24247169315013,521.2716383622673,4.193612912692607,152.4167539937497
90.90236886608916,0.6556827647047141,1.2856660354808331,0.5962086217706345,1.3284278243313175,0.47376431782848594,145.0828577939135,4.472425448431607,35.40310075863025,10.570721376143345,334.9323304653557,22.16418250560015,109.49488845407845
88.5974476765505,1.7812566219258292,1.3119914013454599,1.4204109267517906,4.479078657800973,0.11938569299032893,171.69978774531248,9.650232382304942,42.58978746030369,11.195181436954265,574.5253661103284,2.0,164.8910212067564
94.97811976292164,2.5160090430820987,0.8821135919754481,1.1780427938965394,0.5173753182329233,0.18411047116074455,217.10541289505443,21.28126075929884,21.98651854989103,8.769079729629954,359.9902043181461,14.118373380293738,108.28049868193602
91.5153650723187,1.648099693992395,0.7003540750042387,1.6128628579671356,3.2828135119982615,0.3263554420407036,183.11846995600965,6.436414647871629,46.461842714600266,,465.8135911834252,11.566196746644767,141.65083526080215
92.16769512124031,0.6298914438856711,1.249869843109644,1.4965478537606645,4.534927592191218,0.3462210492772717,163.03036026678757,3.7213261687605,29.71980405190218,8.978418261610516,517.8581153709142,3.6624721657665615,155.5634984864143
88.469535341719,2.4656954984600827,0.8415529356351059,1.2592050518688458,0.8437471919911477,0.11582300262504526,149.62167705028855,19.338616678794818,31.685353204602897,19.503219024913932,369.9655996764104,17.29186859087354,110.03475086053326
93.24972329279424,1.003409455339936,0.5201306356841214,1.0275375830905467,4.841634800496275,0.2612155031628529,196.28226721452245,20.380695424152517,42.34825048418811,7.152033201856773,486.3851368001032,4.631257412014239,144.030474625097
89.4693391516691,1.146552087220097,1.3259688234737692,0.35304603876829443,2.2644168020775584,0.3596615859323491,191.58848347437814,5.578348800177814,15.191610150066026,16.807611584253642,400.87746497367823,12.949343936812223,116.24733976311362
94.286380026085,0.9117658835807397,1.3590718521268168,0.5965327339822292,4.728575542205123,0.3792282185613607,169.91509708830196,20.79561162121974,18.036153205717476,16.9702879724988,495.65465759916987,8.148736165068012,144.59183148888675
89.43597748337405,1.3255376621787438,0.8595717073682041,0.8962889985424619,3.384100218150235,0.3552559610065077,216.07530814926673,17.10889150313773,45.344620000134896,21.136872118914386,359.1808030074651,16.527080697291186,113.54695815857843
89.33481404464567,2.3918787642215875,0.3908396727717449,1.2386686453121385,1.5079343493677577,0.22822528974436984,141.77622503902802,13.441819030764846,45.09769305391881,12.39762114889774,364.79641354422677,16.102691301454623,107.2301904457834
88.25584767493666,1.7984646487598432,0.7653913079003174,1.076044924909079,0.9415126245855321,0.13740804943916382,164.29790813054606,20.26550424119047,48.83589742194311,8.0794394632813,418.31350139142074,8.557731932761532,136.15497875145812
91.30446861576999,1.0122031853767814,1.264245191355124,0.647550599323106,1.518675231125497,0.27084497856773365,213.68555890396652,11.223483485017248,45.14099666386272,11.373621618011594,348.16477486041805,18.72088495506625,107.79413405210425
91.95388793283831,2.6945751953801023,1.3821288342554745,0.11228227980045005,0.46508704631337494,0.1515017749472222,165.67483506555521,6.267867036914739,6.8049157836513645,15.454178378529802,365.7939580432969,14.164719110386308,96.40003883995695
88.45996047599847,2.698954637378823,0.5441672909971149,1.0428545216115466,0.7193398317166488,0.4790494634082668,160.18022670841364,8.2667588854335,41.274352163780875,12.602459274146986,401.5440952474796,15.115873181348883,124.87952365538172
93.42869331686508,2.6764460626150175,0.3803683344303258,0.6426893782682618,0.5233022017324057,0.2900683464090513,182.7376327944998,13.113608402452925,20.787004666424906,14.10728175884885,395.72058529301955,13.747115630737055,118.45037655929295
91.1730218432362,1.0969905284538481,1.3528205437594063,1.4957557713500167,2.1147177187077886,0.22690366974274703,205.904139993643,13.689277438809865,49.544667119323925,,396.57424825066306,13.856498383471386,112.0225157382798
91.67073188529307,1.6280983604524701,0.7672859267746504,0.14549790401391863,3.977891881287932,0.40652162844756,148.2517408702689,19.72277818170714,23.877907734275652,15.37589989554687,413.9318082023449,13.43053898191505,130.70081845983327
91.08533922856759,2.962474140352188,0.9501131571210759,1.2111728414810028,0.706917771081701,0.29917943703290556,215.4416567716589,19.40975992035136,27.91488608385992,13.188913778099025,356.43399518775584,17.235819283066128,104.75061388905911
90.80534142612728,2.430031190774976,1.4616789744609107,1.8888010512615243,0.6516021658616794,0.22401360960498004,203.60583049449312,14.790064258500648,26.72385830521153,5.82556118224977,450.8888607415072,12.365797971818283,132.66199642104323
91.91748231915753,0.5679185530638995,0.3798776734970674,0.43137760751184906,3.2171447475866537,0.42478709695632066,154.50002044412415,19.17728063404048,16.425982977984752,8.903636298304262,385.520656466179,17.27842468042239,117.53214702456515
89.08668172151499,0.6630114781512302,1.0779816089425147,0.9961340324261312,0.9859149098403314,0.4468608604004488,196.960636895853,6.219016082460762,4.21359340019945,10.361841300239941,352.0718849862599,14.399761413844939,111.33571719365914
89.2734969134669,1.659828442030832,0.38892650708984045,0.27370178445256255,0.488050190544958,0.36920326651547086,170.79669781100458,3.1014195960524757,44.83473590489497,,361.0163927673481,15.777264576099107,108.87199382119522
94.03249934709461,2.7730505146539004,0.7505627141598004,1.28879563329657,0.8342428910278882,0.11878576896306692,172.18357424610548,21.219944097963403,40.2324527200512,7.816935245607712,443.02237916021863,11.231279428343333,133.1158104875423
94.62280823493543,1.8467544948817856,1.264577454232136,1.1460101931328286,4.61865697938388,0.3265291520666128,202.6632073951093,3.6621988627809303,7.406575637703629,10.942113577232702,529.9920264190716,2.0,155.51327785345524
90.61316521395827,1.7445312700857256,0.8201666793067612,0.8739944960043814,4.107356263880954,0.4053179647989127,217.02278463845857,7.42714545436794,38.950029431828604,11.678070771909887,412.5476648522534,8.860065292915229,129.3930837008365
89.89521271200488,0.7636842498915765,1.4966188246835406,1.0906163408001084,1.7703228117754706,0.15460120483343287,150.1324698277755,17.29701689173646,31.479409969505195,14.914354019845916,372.08263292200735,13.712980208728645,112.2400438093961
92.5079968026731,2.1419502618107353,0.9708711419359226,1.8034918510911193,3.2791038366369643,0.19146830055384134,173.65041895030555,11.007854627800802,20.752617501922302,11.222076590979905,564.9700853491296,2.0,168.36380996765388
90.86113919768667,2.5552579015005636,0.6853945831631442,0.4729591743910273,2.6863783683401903,0.4529980420272546,178.4753286467443,21.278907338141195,13.074046880230355,13.45319006068414,463.1246358645872,2.0,137.18985637458232
88.17770448962241,1.451050018768906,0.5641335910857037,0.14287257224015976,3.3856213174128196,0.10804868874122962,170.1049453563998,8.555555482569929,43.05657478336051,,400.5497978884588,10.728236862994203,125.2990673444729
89.09306818156334,2.4390296273133187,0.7206246411433941,1.7371632809282918,3.4133557623137967,0.40109085513039044,169.055129897298,2.2611696267259047,35.15931883505563,12.388954280806367,550.5262871159754,2.0,163.846268153297
93.01180560193178,2.9111916347520292,0.747039928511461,1.1965224565370223,3.1436700752999647,0.2895093170057692,144.18149340492772,8.614424092336371,27.613125518722274,,490.4979681711511,8.053507082564877,152.29637854202196
92.61246759337106,1.0094161478192227,0.3824564132687531,1.7922510653775006,1.330506842686543,0.2787088635358428,194.84308964500985,14.717651082066297,30.673642427973974,21.95625577961522,377.19423820234215,16.687418597118597,110.80039794391996
88.18967194752439,1.8083240779868532,0.7434890393121278,1.234195924485028,0.19503210381409064,0.10283861299795488,174.89715336960364,10.270644258872453,5.007776013067959,9.91593319203349,396.44525219316074,13.841507203267904,122.5451030768619
89.55380513353064,1.217844895211439,0.8570862236870698,1.6393060709234348,2.277833909950544,0.42775929238659716,155.58350421151414,13.767200626692615,23.959028165104,12.905748039782061,465.02275976106375,7.998202967357662,140.54230883003095
89.6175235761165,2.482136047584598,1.1672853026865655,0.916379390374781,4.454869423453519,0.2439299602546266,205.28268018416549,21.28515861437041,10.088164492892249,17.247220755734794,491.5480590104879,6.765768961699846,142.7106427602266
92.7032492051911,1.9439834147028938,1.0880753816659294,1.5247338694477106,2.8474862925928797,0.31630625252021716,204.20485985213023,22.074671193068106,10.814992110936856,6.849410271854193,475.8166936027768,4.9379941327855095,142.31012759269942
88.13797376428055,2.086456043875759,1.150518786274985,1.8347787870907264,4.161955208509539,0.3709202745342638,178.9113302471115,7.851429422390466,33.234546133199906,27.089073372974394,580.7804376628875,2.0,163.28111671686054
88.72876007389202,2.4947853990397353,0.3100364182522285,1.187033631072192,4.958121714806141,0.38105183057516634,163.87605289182085,12.167090411937815,45.60717951579726,19.523371786590968,573.7335998537343,2.0,168.39988075096105
93.59941259761233,1.4899261816561373,0.5612008794966432,0.44349178606852113,0.8180810206913813,0.482392023530429,191.04741806371618,14.081168335311926,20.485952218678154,6.143561395549333,358.09465427647143,18.187626198401546,99.53936425664318
89.24981263438033,2.787725171017608,1.0940211460798277,0.6107154685573765,3.4588881957099114,0.31253598129464366,163.05217086219224,22.880474051541437,10.783589014103423,14.133568840040367,541.2112868648306,3.455927783742826,172.35088652534756
92.56922275496312,1.83257216811535,0.8807872418156966,0.477424696105071,3.3714678685001234,0.25988782038977104,158.88063442589697,23.969581021616463,32.61297339321438,9.720320842880255,476.8383106934277,7.9211640811203265,135.22134012794524
89.66727946732709,0.89488705708837,0.3063761708020151,0.5690283524318925,4.899777236791392,0.48148145059668324,198.44117232210613,7.1789594745135865,43.62375879434073,10.392254688848366,474.9365533156525,7.630911712550142,155.40991913078562
88.69608974931542,2.239747795422006,1.2653935709181867,0.6821893537669691,4.928003669764002,0.35684409401020845,143.22601917767605,17.99355716960794,37.541780655563294,14.016014920527784,520.1710007992604,3.8631996248358536,158.62269790312052
89.70220533699617,2.483153376095636,1.2273714879484048,1.1547541948310582,3.4333930586206476,0.21926014251062226,147.5814776827675,10.316683369130294,43.503482911561065,,492.2791071862107,5.491717585474163,145.0893963160981
93.05586852298961,1.2919041926688166,0.9581029955922751,1.2171840959812823,1.2180739599109713,0.15058569816142847,140.54305392188718,2.178380331496691,27.05945621503457,10.111271817883242,384.93347655518426,15.171235343153418,119.51184346965941
93.989875276744,2.6429481424968824,0.3797559909315265,0.910349519759536,3.9927791906529952,0.43702180058607254,152.2354549180341,2.203555493589852,37.71787409627495,10.165714325810265,490.6097315620055,6.163639891655234,143.9603458728039
93.81153905196894,2.765358136914416,1.2198180594391015,1.2692994816595873,0.5351456710551905,0.24487264111766063,145.51920069683675,12.132452166369626,7.4331956882673555,14.138007029382562,427.6081606989741,9.817305418013062,121.23470380765417
90.78028470732919,1.1922612184445223,1.0004563052776367,0.25499235866159525,3.9034965208581434,0.36418788854577244,219.6641894223935,12.743368086095362,17.739593460477977,15.314231030248486,391.78849467515084,14.87634988329495,117.9318997435894
92.67659595599453,2.958803681788055,1.2383519725895509,0.26679765041050396,4.550980620723482,0.28832656774635923,163.10479759632716,2.496533324615738,19.782683641835362,8.14290870765619,581.4592020686101,2.0,177.93812410221423
89.43489006791074,0.8517788201218961,1.2020963908750084,0.426475974679551,1.9141669738421763,0.17957191191801536,151.9414410135398,17.112403169034653,25.80913943917871,24.275537612225868,891.4792561597188,18.892240178576614,113.3695652154757
90.0520341118271,1.005039171006225,1.2636024863494044,1.084347246276655,3.1531764749154023,0.34067464344818604,159.27970063967342,8.468074549088968,46.489279832712775,9.418485202567984,467.9024987974447,3.9469665294889325,142.85940018702834
94.27435072964784,0.9605620980950653,0.9216096796855497,0.5065898895267957,2.1507136604841315,0.12427322758027293,214.8900457232108,14.317648233790887,43.777679730997626,17.919145027230137,295.63377952005294,21.421738779326297,86.04340623766922
88.09101346457516,2.734974275019676,0.468389421832218,0.6382403666358969,2.1888252749406423,0.26533698394847693,181.61281784195165,8.620219609639213,7.159011868314634,14.595041678274074,441.3533212190235,8.241928449958174,139.33737677611114
88.59855971598128,2.1357313808124045,1.1053889680556264,0.8605943887286887,1.5518544455406003,0.3186459758654684,169.18544770462856,5.676954927124758,9.053087768181928,15.526210080929904,443.56301261558383,8.47971350191162,138.88378291585533
89.4552037860222,0.8802607080556821,1.0445685420623647,1.6425456356197217,3.810648102251623,0.2744187896474316,209.87131663273755,10.957822249175257,18.20320720465111,9.491716145319696,424.71734222353314,12.142108677297156,128.76029030591764
88.18572542711674,1.6008085459208725,1.1907038246389046,0.12633805823443423,4.680882820832526,0.39946887010039633,171.5992216439226,7.110014025391017,14.89182136158836,6.113258349576971,521.5760594758443,2.0,162.52670657687077
89.27004804562858,2.038245062674505,0.5038572072608823,1.3338197584495826,4.703754296172305,0.43116998181812505,166.80068559661566,13.765621492221698,30.931162181234985,12.078649632103541,569.2597258727116,2.0,181.7019693167375
92.08129092678784,0.7086602124734582,0.533970239880347,1.3708654089773022,0.8739064243746691,0.4084972296132713,156.58260180397883,6.374227666302559,45.187414364344974,12.098578248505245,345.90809282732744,17.388231698603363,101.05450814772956
90.94997185414749,2.7060409210183467,1.3684914206631942,1.6174459826776095,4.37371824828283,0.11552517912472085,170.22374591275292,13.184931486181796,48.13343131279304,8.30444768487888,618.7149904849387,2.0,181.11610873406656
94.24870197753883,2.509008838603838,1.199973358142485,1.872230584214595,3.687157207135611,0.1776515081783889,165.3347484813541,5.462327327115086,32.853346150493714,17.587303974059466,563.9873822909124,2.0,166.3327687351339
93.72210493216909,1.7630169339415955,1.3898741864403874,0.13826191300365068,1.2641870034514464,0.31464300370550974,194.1843167438513,16.76144360868727,41.98888046935379,11.933961281697925,379.8405718753087,13.08964789912288,107.20392141276338
90.39272146188513,2.917816538147926,1.2104583853967048,0.3921890404751107,0.33642306460757276,0.4739288161775205,163.16661637365817,18.586629057711328,26.497508911424458,,411.1879362057903,16.499932545645933,126.31245478482056
89.81596403401905,1.5444024481877492,1.0165863671883621,1.7837254587063869,1.3399863344218899,0.43398271002084676,186.1759797138049,4.4286731534985435,10.812183869571966,15.394780720988184,433.4523921363639,12.727741898127471,121.98620163419075
90.65784685717087,2.9602757975912444,1.0849592844334484,0.9711852681553291,4.561041183907628,0.4370138033407207,145.2713732025578,12.291653064821462,26.47207639862713,15.5591361591514,498.28381889268115,5.271814407635298,155.81021683816283
92.13206459760366,2.1697999970090676,1.366953508728012,1.1727222139735807,3.1658933744788613,0.22128327750386997,155.30313253572115,3.559177414407219,27.97658877116373,9.147318940150726,520.0399478880582,2.533307118173598,152.65107618555004
89.87644548576013,2.0866781831348535,0.9945681054143285,1.35975168707398,3.6052733044893595,0.27177915883148107,172.5924217289079,15.160013801924052,37.25164942857105,19.952546373569106,513.1348537084334,4.957312378795849,160.73399510675083
92.36904235494394,0.9148872382394625,1.058869589194065,1.3902265485417111,1.2857617555454792,0.288282378926375,214.95594031269565,7.816894554452198,11.38420799051378,29.88323393881586,325.0855588712641,20.528107125927242,84.74047616977697
90.86588156533868,2.70481939576161,0.48777205920432065,1.8703067663013655,3.596940777874101,0.16294863333996418,170.18015885725563,13.607738050451573,18.73136391329322,7.8773204514589565,561.2002057303991,2.0,166.43412358060058
91.86433026596386,1.5687242198015379,0.8687054641393233,1.9942038930821724,0.1406075313896188,0.11242725209778254,193.1259296959867,13.384142206454406,18.51935972612103,11.319449189834506,385.7465352354046,12.109982108418759,109.25890849184012
91.05288570394721,0.9055835144561983,1.1596765343497186,1.4682991757687864,1.876606728865069,0.47876115978420675,160.40697779371186,22.33579561626361,47.99225998918766,13.94057873149237,421.84575780379237,10.833163843290775,133.3205019540787
90.06126031679342,0.5315187999393975,0.6251312379796385,0.6457202974897865,3.1337667427116562,0.1962850342654027,150.16268607785855,14.079830896511904,22.475275536172585,30.328992163555814,372.17104172234826,15.382342811123317,120.04643650922362
94.6391731487351,1.8993892090959563,0.5427050166294418,1.7715295643592528,0.7304828277066011,0.19597956148945253,144.682928006404,14.825966553802944,37.87715138125825,9.083768021526936,398.9992632841248,13.660608972188419,107.97938449849056
93.34524055911832,1.8184990553066909,0.6765921698692987,0.19351973762744706,4.115017872234674,0.13335162150750382,164.4330798834201,10.836368766816367,37.665163378034734,8.365919114072177,485.3440653720144,6.79920107252238,149.93252740327324
88.98079223036517,2.2983840559228965,0.5898007535914,0.5390536204615428,1.175156494059593,0.47140310077751146,152.61288214375264,22.87975127002197,13.64443714776045,8.34307906837196,392.2783193171448,15.079398925018264,123.02693256343797
94.07927583128539,2.7256451325445052,0.5578951644436749,1.8050328631810582,3.2614055640922315,0.3318948459759088,153.92083584128994,19.098090007671413,28.80754962390074,19.857255115476594,484.7657099690231,8.902183779918381,147.05813561676106
91.4120183877466,0.6985164616075739,0.8098210114417044,0.5867638774347744,2.0259857128766483,0.3668147428501416,200.860744670956,8.278916386662514,44.76799321927308,9.178533924880458,359.6048206113198,18.256741764486474,110.82226273045605
94.26186558825864,2.328741225850906,1.389406216660241,0.5192370132813221,2.980217977388236,0.464630754905221,141.26704567558994,20.572610887077104,24.022287113119,8.67067219486142,468.47582241999805,8.702573897814519,143.12302179987725
93.5989867916312,0.9685298602439556,0.9084715760864619,0.3624380569664698,0.5372527631445406,0.2382480675603158,184.62481005883475,11.51271992407198,47.28331661345603,13.361626857661173,340.02037137241587,15.28296230798101,106.35365382172536
90.97649453128463,2.6454426328929097,0.5255044569783875,1.7323123395291413,0.08456399960803662,0.34860292445523366,170.3569104474772,20.230677157739066,11.115682351545999,13.780968203694675,397.68723983567907,15.557707284511093,113.84383674832202
88.15728515824082,2.54765878465414,0.39236600325704885,1.0501106924630648,4.547822136901506,0.11551978189155498,180.52399999268377,20.103537502457044,4.170875735814521,18.697843359582365,517.384659912417,5.246839911220595,161.21786969592517
89.88074151569462,1.8519843874638608,1.1353873741655103,1.3822970858028942,1.348150043835914,0.17470901129245175,185.02641897716825,6.155144108782796,44.626966720665095,12.638786947915634,426.1675968492099,10.395009695135194,128.8970107342401
91.79143950262606,2.275606996558279,0.7593585173236654,0.5542261297425564,4.098385013902296,0.43249832203597705,165.06941555658227,17.425104890438693,42.460219299129726,13.45798812490802,520.0173242378223,3.458092122886522,156.75186647019572
92.43434753878303,1.285875282959371,1.2861971359024311,1.5402767999213114,4.9967515023610005,0.40670734253533436,163.6087088147428,8.394145324743684,49.633198858725315,11.680160909088931,569.3686850552893,2.0,173.64373026279216
89.80521379803241,1.6779197473320366,1.0914129223689242,1.5440105354279872,1.057156289994556,0.24025707658285878,198.67214794679245,8.544838739838701,34.12997766156509,7.230276150921322,363.9196650247704,15.010782149157722,102.82205556328341
88.97549251850977,2.554092244276179,1.2554897406496421,0.6939362473257702,1.3258537059167779,0.250724251109685,209.70215904969257,8.519657691372776,46.8660523700239,11.247637775085568,387.32129577164386,10.51822726399648,108.42917780774613
93.84451165759509,1.6481629929330348,0.6263352473021384,0.8802970027195374,3.3142989381733283,0.3134217734214318,155.40653059668222,17.96250144631886,41.433976741663486,12.492562024560904,451.8767008524497,6.616778645108948,134.95784944422053
94.89081526492487,1.3944956633136045,1.1308307069532697,0.49841152711738157,4.827243173003106,0.10009640187405383,147.80950084281193,7.056172919435793,42.2991034894443,10.200845490939038,470.3508976924885,5.558913613605298,148.82296396465054
91.6798312761188,1.7355311181257498,0.6168743816324624,1.955465944313518,4.57907174095372,0.19649773441521115,211.82366451136207,2.019928375413985,28.67250773748628,6.5157244742281595,496.15057737178694,2.0,142.91826006803365
89.20175500093812,2.570623131093046,1.42688217534035,1.326644896410982,2.5143776003279243,0.1832927234432858,167.9916370917919,17.735210776617926,19.427047596877188,7.736921062331239,545.7847074672442,2.0,164.6111844435056
89.90615128563559,1.3380201184271818,1.0636491378400492,1.8756333733594794,3.9755514126336235,0.20019317869990538,184.10539125302512,5.766064364372756,46.76062459089245,11.992092579096754,534.1526761304134,4.550184739383729,156.66238329944363
88.12873473583227,0.9344039828393595,0.6894141602104105,0.676432532895353,0.6787292654995053,0.42236233701337655,168.76345156160028,4.298612696772363,21.889800192986776,17.691799698608644,330.48779510676275,19.532813070377212,94.89144638576406
94.4000916459235,2.280035050826952,0.6234142347507272,1.5855927346940906,4.8871909210200615,0.21186954261857727,150.0641869076841,7.2253546530693225,27.171558678858617,23.876951910754812,524.9662045836671,2.0,159.99360320498434
88.82425758023099,2.5649455317702046,0.5291119020859723,1.5551314233810098,4.821766170179933,0.17660852882005929,187.14653159581826,10.357811491099488,22.58265820269679,11.31883064889796,565.2735927792162,2.0,173.3789553307121
92.03561532859977,0.7515936963088333,1.1335691506724732,1.4141457385464289,0.8186447893958548,0.3017053843172126,182.01126814157038,12.469939204410416,28.458506541029756,9.145393333739655,395.5007600563002,15.818306447377584,114.71247067207395
89.91838654481045,1.0996852818898617,0.5624587355975128,1.934714053006921,1.497115624015533,0.44625801454909275,156.23948473529578,2.980540895677878,23.790001410120194,10.496020660186614,385.5450520894814,16.565330249348786,122.59976690667831
91.87924601761055,0.8549299744024847,1.0143639191129867,0.8477551386019995,0.5007749875338346,0.19653988153499996,176.14952357218223,23.35261331780193,2.874394149684056,8.01595479934637,355.49164533906765,16.700444364613404,108.76001173418297
92.55994271846305,1.3698535289554166,0.6175620323104287,0.3483629148205388,1.3585879944908985,0.1314144971171195,203.75580032125168,17.75338717523028,44.16138520738108,16.694815406558412,340.2003284780226,20.133569108521456,100.8517087208404
93.80819262595041,1.6258774472635316,1.0943627337526423,1.3762468325637154,4.079778947076033,0.24256189433986589,187.2340882486313,9.110269437135395,22.497494036330604,28.646883295668857,505.6226139377142,3.0183828630907645,153.4243743608406
89.44494890232423,2.372065842408266,1.277927674248647,1.4856886209066917,1.8915780358262975,0.39906072982599117,147.7533861653596,9.011339660278741,29.65271060111376,9.234865471103628,445.4466773626614,9.818985651228749,143.8157407820795
88.07697080060936,2.127868962204185,1.2336302917735837,1.192615089571748,0.4419848357337919,0.3202762178779178,183.8417197783308,11.867936086106106,7.389796236520358,,413.3707277028534,8.981640071722342,127.77887206635943
88.95819941048165,2.052321418696078,1.213021597116938,0.4929539969534529,1.7111276238945228,0.426717347829739,196.21906394316696,15.777386100786725,0.6676984751406372,18.221338128929176,414.8700314671429,11.081757156930642,120.96752476384881
94.30013049293673,1.380937366524136,0.5252668868307024,1.058466289171775,4.9069166712064005,0.48383685904369356,203.4162724624601,5.220207464957291,12.641859635360326,13.835262950961154,467.69139828518945,7.640841206173939,140.21388200917173
94.1172305429376,2.6036188827119,0.4060619363814224,0.6931604994813458,3.1484179762960145,0.41706499070064684,190.32940629074133,6.156455902828951,35.37700859060084,13.9289806756473,475.8993483266327,3.5579343390342744,143.42614885384734
92.18189171519217,1.6782179184954114,1.1387385941848627,0.9121864035167092,2.0808047320307885,0.34152123153750136,152.2126531632627,20.90756082233812,5.410129240587491,22.99483375310895,399.26316951131736,14.245178679895261,123.10573479161997
92.20361802303557,2.9477623450378863,0.7420166565532216,1.3259152941048615,0.83269256748635,0.2973366352209522,196.81386132721286,7.637608325559596,45.489928299130156,7.052664380540768,420.43443568626924,12.885648410349525,127.32806931022692
92.65525672182379,2.085355345739342,0.8188154716840168,1.5159080111125856,4.930883986418474,0.11602763453930667,194.18734768652132,10.364289955453906,11.143617183131136,6.974309831316307,569.3416959323187,2.0,180.27912832445645
89.22759895036415,0.8156618539112568,0.33737891135206927,0.541226912712552,4.1042450463156435,0.49372879152561655,141.95415063525067,21.167980720902577,10.627383907442903,11.419406966803237,391.2742215078915,18.366556073994555,116.2488343088616
94.40088362147472,2.190443905188585,0.6114917391300589,0.8701181852292112,1.407386512254597,0.253392449030017,172.93981340721945,16.589252246796097,9.484644100264028,12.49541034325354,430.27925652199633,11.411088176758124,120.43424846946492
90.93139367424452,1.3127600385792475,0.34041168464935684,0.6114069848840954,0.3503434786059473,0.16089128556674673,166.63601975698987,9.517661345517144,1.1920947920825549,10.57000944347043,347.4237813593145,17.077931738117154,105.29977725528059
90.68196969774648,2.2158179917152436,1.355022927121497,0.4774000663375513,0.28312778688779017,0.3666835421585827,193.55296514029146,17.041390005941658,38.704370689672615,32.59963759142292,355.28927809820453,13.37269173314475,104.38115743348082
91.63242393697986,0.6741028704060144,0.5920760198622366,1.588435717992093,0.6018907475276691,0.21371531563818374,157.29086498487365,2.4330307383911016,43.8142092966403,10.760727637235686,356.25778268390604,17.28328224848921,99.35717985442759
88.32876176742539,0.9372035929398985,0.9688046034876097,1.8275801194302856,2.903842918072108,0.33431130837241907,187.2697538379407,18.184138520250034,30.901053779501844,9.773844479725865,466.93041599265564,8.764432411403698,136.5615048894611
89.16398358129256,2.6393431472644657,0.3467751847933565,0.8034411528006957,4.643817106027462,0.3347071631378365,213.0564769451338,12.714352891357269,9.815899093153183,,1185.4456538602576,4.3537145332729,140.4615386223443
93.16623531498459,1.0679488925587872,1.1002168695667895,1.527429956310157,2.4837171400299223,0.2782919283611477,203.82418977668863,19.890007240258146,14.621260848573547,17.963730714110774,413.62649893079964,11.429705445601632,129.78697076049232
88.57959067547588,2.59260281310735,0.6876328149049127,1.804291049792381,4.214727412280986,0.4344474462180171,213.71661889732243,23.002028344142303,24.058371519565682,9.114156852241145,490.8533991645461,5.753993252271,139.83977815987444
92.22206476626472,1.198190221136026,1.377503024349199,1.70763600000744,2.229433099299039,0.2059868246221772,218.2804773546152,22.367348088880505,47.740124605353394,11.486877994587422,367.93087182632235,16.624581142550333,112.12818788577312
89.71744376776925,2.1072047751467693,1.365741826720843,0.4473454382245292,3.542917728839126,0.27945303664709364,140.85361016049302,22.003830956017495,12.743892904978269,18.168945692458678,442.1341414741646,11.34175150665993,143.74264554985533
90.72506929829383,2.2353764337745776,0.6903487420340972,1.9169545748753865,3.659363686432504,0.31507685143638864,189.8193021101982,13.267739030545517,36.716472244034456,18.57696873175088,538.8257707932382,2.0,160.77342305958805
90.0208561573949,1.7816368828626323,1.3811530748285614,0.8156852368159786,0.8698185295166933,0.3654498883069198,173.0271518207125,9.923126511056637,22.252687052999555,13.290523202034244,424.16041576750587,11.469888395968503,126.2269222819259
90.48970901525465,1.263276691741828,1.4953892081985345,0.744557256230289,1.8060802948790589,0.4135887402022358,208.78835922680975,12.230777144074802,15.243443743821079,32.051900773122505,341.0928456336542,18.860043313767395,105.92673628748474
93.03332133628972,1.0316109409277403,1.2904987969487376,0.21861952182778263,3.1865107826901196,0.25792291315130245,160.14517616073053,17.177712072893936,23.067838882594632,,405.7716436918027,12.174710039095569,124.34240108710884
90.07985200936223,0.5829733864060656,1.3138456173062747,1.0237299427992776,0.3534830409218309,0.3584187776386384,218.4823591292061,21.447951091166107,4.02473251829101,6.941747386163971,266.630230604245,22.826656956936006,87.0768803007936
91.96483248207828,1.2598660031018096,0.5988104833309078,0.30712586971776457,1.8077009388147829,0.16024438122740767,189.09663756349977,6.55369866600263,40.03502486105294,6.191736076810865,380.47004933494696,15.987554946424366,113.30545916099071
91.3323528153937,2.132906976328208,0.9920428786293076,0.5722256597621094,2.673997331405962,0.4730592402169914,203.48299217830646,22.200249486157468,12.543445435156872,16.748116080610178,391.8300004818187,13.298168228914216,121.05996470279375
92.64569815753853,2.8457620461212065,0.3807070967608414,0.7021909813578345,4.981122465223193,0.2532235225684014,146.84796422582147,19.93396510333756,36.40790009805204,21.03412792409997,516.7723011074942,2.0,158.62219427661836
94.55780817527331,2.67801120565763,0.4139015241860036,1.6367700146341997,2.3726678131122036,0.39180856879057535,154.67663078070922,23.534832333921162,3.8832443866856385,11.135034578095945,466.0086947338112,10.46538908006471,138.12482895438683
93.12800468047175,2.4151619413382566,1.4986711344399488,1.7634284357522034,4.080283785571618,0.10813643275287106,200.67229384273625,21.365539012197118,47.77737853020146,9.965425810016797,563.0082437190963,2.0,168.33257216581876
89.50458265013529,2.4711183581332468,0.6919670993110931,0.6746860031767924,2.160336425333089,0.18207485716192282,141.75892176314588,8.158621253221947,10.054241777582082,8.7747981166502,400.58649262543554,12.764067505426993,120.11995193033181
88.218281945429,2.162462258689988,1.1978206944586156,1.7315264303646904,3.9819536130985442,0.2948330177294312,205.35023887150263,4.3310300495690495,44.19573277225048,7.635399258270201,525.4648090674356,3.606342393532958,151.4509436470286
89.83584831009878,1.1507171439150075,1.2679980636321797,1.728738781002603,2.977074008100542,0.45130098709293864,141.11592149535292,4.469303583814949,40.568923875964,19.1928366517783,415.91320048224156,12.637360457623968,122.83056817740426
92.16554551490178,2.7679875767645745,1.3296279252086751,1.5528368057312596,4.432977207511992,0.3109020599802709,192.56950712490186,8.406913008722075,48.40906624203009,10.45920043721383,583.4429914845801,2.0,182.51372007920844
88.35998069438975,2.176830779764585,1.4971539568825878,0.3787207166288449,2.0547127617505496,0.47194819291755163,169.20751361854445,15.512041927659864,24.155587716814605,13.745621029447145,439.47174009624297,3.958009170939331,137.03010510722845
91.47456373040865,1.9011015774511,0.5897957823082414,1.411613409111385,3.0215220991073943,0.29351875863311855,188.91958821753593,19.695047174137795,36.5061660453746,5.868961509267534,494.25791330908214,4.054339555626754,145.3776944141472
92.17789994241822,0.7774736730337026,0.34842099223163964,1.8955457227030807,3.1500934030941368,0.29617963869438,195.6825125591291,21.783506753594423,18.85017752337031,18.190662523519535,451.6432778434528,9.46111846949065,135.41427261037268
90.33970723571872,1.6176388595160636,0.7934298215935032,1.3968269096575985,2.0869147090023663,0.14789871540021277,167.39801753490434,15.722574456123121,9.626227781974844,,449.4472514098384,8.826033470660425,139.69112487008923
93.39638542622075,1.6508956780048156,0.4560968037947363,0.7300720133048845,0.7215602184374076,0.421062497660888,148.63699584886683,2.123888880457182,22.432258680205717,7.114424336957849,350.40414460598856,17.991001031852715,107.33827181950765
88.7461877719364,2.6614090238066748,0.32691106699446615,1.0511007031185795,0.46779703456167776,0.198786164986825,145.57166941986125,6.098969083407737,8.704576261728516,13.512450620390725,335.4611960274687,20.206094290617383,104.63791357069464
88.52596447215066,1.866620550469471,0.7325121925697833,1.3268775823670018,0.0833577529981655,0.459844995748926,187.11488180500382,4.193976484774095,49.111208827926006,12.205630282060127,384.43317972135145,15.258720381330253,118.0005945103788
93.09732129342522,1.451001372426024,1.2404859012902836,1.0700837765841567,4.367671321226073,0.46432968813215847,181.65242829872892,9.993138462518221,5.26420131146546,10.175043760065096,539.301927767196,2.0,162.86763534380944
91.46843921344339,2.942000821276648,0.9794168294700849,0.32791058928884265,1.1823745611934728,0.47732404474965995,199.3760807296906,13.02972185994241,29.66598031090471,3.814574294562219,441.2251559961581,8.62498221586202,131.5380833846155
92.81881677499415,0.7768014833157892,0.6753335870524249,0.6929216848388392,1.0575337464088403,0.308092195641236,180.77884080031498,2.9547379287283384,31.509960835075766,9.354600882803249,362.6783354662988,19.248613966292627,102.8279578385886
91.04379137022622,1.5563710707798615,1.0852104065912636,1.6245524580519017,3.6801770021303275,0.37083751391345776,173.79566320247034,9.666515467504418,27.134937372265686,13.749087500500407,516.3989776386161,3.329863487203104,158.3808677189261
89.72481423267375,0.6050616879285132,0.5784218163705728,1.736694287581483,1.6000805654369588,0.41140635202466547,171.84697425889846,5.941952841757097,33.27820134273576,9.782294028448849,415.41208824210634,11.576216577098199,123.51486638259485
93.7337162237194,2.3497603019173257,0.31725773528650203,0.3608700621595834,2.530223462059183,0.15240584746018626,142.1157522078134,16.235543657695224,6.250948363088602,11.148689811385063,406.34447094566605,13.512194290160238,113.66390681441558
93.59591115278286,2.7951913804978767,1.2172240637237128,1.9095348295575767,0.8125553264872815,0.3403828779989989,166.84457613573258,12.21399212513548,27.97341694816191,22.169172869755776,469.1979254236908,9.938609251873505,138.03108266105008
92.86287529598098,1.2000933238762235,1.048491701836811,0.7247629739123577,4.7987286073098465,0.11371916052132468,218.08161260195953,12.896988232545993,14.717022270804396,11.810592467433995,408.2927586833379,10.534050854173206,126.74927605226543
89.90501596060975,2.645854191997802,1.214763149401152,1.358396103588368,4.2579070000861865,0.2990264333554904,209.8844460981671,11.409219336736143,47.038715133402306,5.266048166187934,522.7832682586162,2.185104982947655,147.25415857125512
92.13161466808361,1.2305455761547444,0.34672562002519874,1.5284677773176942,4.318948114825016,0.16193707264809099,166.3502453627374,23.032433630704475,38.22254684526642,11.31421450210952,511.6110030154165,2.0,148.33567832864597
90.52681727858018,2.776925404109788,1.3045435533967826,1.6426978458119785,2.033868742860026,0.17316917038483387,187.02363240530977,6.7241727526743915,48.63946686690726,12.676598245208679,491.9788345704445,5.0489494468579394,148.27931737772943
88.64107451328644,2.3849047589919596,1.043431440043564,1.8969244342292673,3.811806068535864,0.24601902667704062,207.78373964283952,13.366613716565235,2.3590254521393828,8.757041654303357,519.7633433125467,4.55411926421419,162.95759621073532
94.4211950282357,2.5122669421035964,0.9760744208551682,0.6945471412547629,0.7193807769489008,0.2729748666866012,175.3019469400055,18.192382104037392,14.61409217144508,16.344630576449998,403.4942704669209,11.991977398543769,126.04816148474536
88.95773041643272,0.5450163890011362,1.0495368577374378,1.7311622636479536,0.04309501295890139,0.3492689698128749,141.43662910001208,14.250577088960377,10.173418038598275,6.787674615648789,303.07441212441654,24.273672876394034,98.43049673047483
94.65166147674562,2.907025892685065,1.337319896242037,0.3502051165287934,0.09986466289014062,0.1297713673754063,145.9608369454912,22.438459485769624,1.0521520719356097,11.529437650600993,378.8010212862967,14.928321735287883,114.67921562952009
91.1220404107057,2.316677480175808,1.0043238078706884,1.4395777220718262,2.9330086870228023,0.3014767044949779,180.83141770789652,10.315303824108252,12.49512364719291,6.75644213059991,535.8843493476078,2.0,159.71940263194716
89.29593050187034,1.2618777384653332,0.9971404558658152,1.5097576860765731,2.276974526239704,0.17305005210124047,217.55515005407028,12.200867727009916,34.09941118426123,10.823556464822973,346.31333481285856,16.59066078332923,108.11053381602234
91.7933066316485,2.5734866621471175,1.488814988478919,1.387674158282509,2.590076744542599,0.3295900700126968,195.45676337750942,3.9474909347240255,11.938901645661144,16.17152442760232,505.0001295425277,2.0,147.00320246357202
94.11062085113485,1.2038029960373249,1.2080762004822816,0.5793979986567906,0.037315702086097025,0.35496184490447347,145.67329531508557,15.397980443142426,25.6956705513896,11.419564048523279,312.41496490971264,19.826138196202674,88.83757322174061
93.12557420486692,2.6818845989153197,0.8307525665413622,1.7587819793288864,2.1134330982871283,0.32268370262114154,155.14887006334902,8.340663305858332,44.446996690767435,11.156012576010593,496.23766774497795,6.017759806658112,143.0958514476533
93.64592803503015,0.7814509760298425,1.1488764000395133,0.4208310804037505,3.590340806004304,0.39531820419132313,201.705851457348,5.526798869342515,34.841017057279224,12.318571865944856,417.531771483708,11.36131876945907,130.7039545499377
92.61148356697502,2.2592149436519895,0.7670765660301462,0.20190610388957858,2.2134685098371794,0.23424369769636055,207.3151807964996,13.979688443899178,20.03413896034858,12.567410406667385,401.95977920007306,13.305444206093178,116.41503087263611
92.84593595162497,1.8517461916122757,0.5746505549801988,1.463183482162633,3.661096031561111,0.40604263665325235,189.41556689508727,13.710825794358033,18.937212476149362,16.07878607869611,489.3913395878487,4.507340360161908,151.82041891893596
93.94436956095724,0.7413361754886021,1.0162222522653113,1.003403858942194,1.165094821984174,0.2731068326832775,191.55385357038534,3.6691761069290463,23.058922793419995,,356.9917521248969,13.951214236170715,107.83977705572433
89.7476760620143,1.1047345706470975,1.4138185177367417,1.7132862379214846,4.065710022408627,0.2936737993290387,142.26699603067078,17.3607399768784,9.263551332465365,21.513450696593594,454.55960405425793,8.422814292221364,141.87657946400034
91.42597474550199,0.531010090693287,1.4149674240185552,0.828454568010692,2.9421562022672614,0.3592408509044286,206.2824207665207,15.722988194318763,31.88303798709141,13.02729529282138,378.7008771773888,15.14514367172666,108.08335224639133
89.54846609273721,1.6719199136612646,0.7102863337265883,0.4197293181646543,1.053815497149531,0.10734335359968959,203.06201665366638,6.158380220422939,18.525564545677973,6.269585236360013,340.11638450882856,17.453307169329463,98.90733706923852
94.91367605597652,1.2531631519000008,0.9332129594660339,1.6892401656927525,1.1836023792691646,0.3615976885680994,160.72281152826778,12.327566967388965,42.69208478847116,17.170270686159533,406.35625180638806,12.89853106292605,124.17682086381413
94.6084153778063,1.995893710744397,0.5539630782838334,1.142928300116136,3.140152322847685,0.34743405962884616,196.69413759724057,17.847104162528318,37.94935667286191,20.903775397416158,444.39247418398344,11.0018870439569,131.16294272169424
88.27598767957954,1.243094519271543,1.4947573313986602,0.4594720055416742,4.149697966062217,0.22393884670131198,157.18836851399985,13.647586291908084,30.720401622561923,32.61192460353248,472.5100020027585,8.74486793831212,129.28625035841412
92.93902620760981,1.2497977787674617,1.4773414894415229,1.468729597314247,2.0781389101457757,0.1343177139597958,143.22641288412103,10.700759676038544,18.528010021151047,21.773254358909178,383.1196947483782,16.065167150481013,108.07461116246449
94.47673822190966,2.3579829968290085,1.0794107156489368,1.071115913130051,1.2915021456379612,0.13637417996521647,156.09092340723018,9.091446077780759,10.891625667837477,10.012963824799577,419.6908184658728,13.435386574062802,120.34096206965687
89.26402741589133,0.6203570899458837,1.265296871612968,1.2481946662566077,4.335058034553002,0.46928949879409143,154.29031014034396,15.428665066169179,38.91951727322833,13.129657609262305,468.27560892918916,8.532115167671272,135.28695202695462
91.97561661386841,2.757237487979968,1.15812019354044,0.9757068425925055,3.3463414587541744,0.37571172849033485,167.01983973878777,22.660391362825294,24.577250400058784,10.932601640788192,563.030018994267,2.0,172.31792160745326
94.40841808311629,2.6306596859779536,1.0117898628473618,1.6745470692542122,2.2404274364153824,0.15084104550829616,173.47595977403665,16.778386490504637,11.625126889779196,10.354168890431257,508.52434016922035,8.20397565615134,154.24254550498983
88.2376218501006,2.1695117080660165,0.3640175963866772,1.6761691597977948,2.439500976396509,0.24268926772356256,180.68311131981665,3.644409879998941,10.161143444480308,11.641843937891618,474.07389453272884,8.641328098463347,143.03329142670944
92.88194187072789,1.9830539252684607,0.8457172110631932,1.447838761466334,1.021282339681982,0.3369931975606386,178.14031004066624,12.135069416606942,8.687344772817271,20.37476735400156,417.0024721029809,9.94946823608145,135.1440866720901
90.08144305160785,2.7307562453491308,1.1097435626008927,0.3002626170532783,3.1340131503242197,0.43422868203625953,161.65396847722315,21.598130893233808,38.96947921217695,,528.058777025836,2.0,164.29375538558995
94.47077336763572,0.9633254488217862,1.1130379366604215,1.6938223376177308,1.7937125527144433,0.11746437148520342,142.33365348592596,4.078173367623911,11.83486567236543,8.15785891798204,369.69923245531135,14.941756419051785,114.91886618759867
94.79740771615758,0.6974229054770715,0.7477471421068602,1.3749246630125287,4.9782258833717465,0.19465325258800356,188.40812977897207,23.755265667025952,26.568792044497275,19.841926699797977,496.7281897951576,6.5112288693504015,141.54212663854014
94.60986542379403,1.0987754247738453,1.4300303839896367,1.424345915408169,2.400917576309439,0.455899596118152,171.65958638778835,22.879526660199268,22.851544868166293,21.790351272297176,429.62737885641826,12.547709906387015,129.18591333808044
91.31949951660225,2.4864456967504758,0.5008284386841372,0.7896673967673561,2.429428030948066,0.1036662200735266,163.89377259100397,3.722038576057269,29.190739511800054,,424.3933113533807,8.547586804522574,128.81147671762054
94.0342985569252,0.5866756668162083,0.9004313354586726,1.7706311566983128,2.8292589370533596,0.18055964111755496,209.355283426441,22.535093049890207,43.919167568374114,23.577652553666038,373.9086650480126,16.546150672859664,110.09646336809968
93.9118457897455,1.957017087708724,1.1290607718609873,1.4782060404462292,4.583780015593733,0.48360967038918645,199.73946462385277,9.988916985708169,43.45349580904566,17.999659360908083,531.1183128534067,4.77990701158259,167.86739275993403
90.23370331270279,2.9885937904782747,1.1365629670701711,0.3139218864054695,4.004090499298751,0.34536073860886846,208.62124386979536,20.583601675668977,22.828265555330553,10.94514025677159,472.3647108633066,8.428296923119218,141.96543281186177
93.80240831905473,2.6392402345938484,1.0783667481225787,0.874778265371709,2.255650348989207,0.2046685466550026,179.59862357699689,11.204433429691974,1.2606294113688037,4.599252412214068,514.5039006597857,4.671138967176717,148.2094263717462
88.25905344300845,1.8036142226089735,0.6303458561422322,1.7841226877242693,3.5934963298639797,0.12679643775833904,150.4745001701422,11.698812479455349,21.60896838285801,6.2513281334988955,504.9210318192896,4.340696236851876,146.48942269204144
92.17388914937438,0.6591022732166059,0.4874478824239463,0.1896737332250201,2.9311774939038084,0.11127653617888887,195.69771488970179,15.953348001505937,30.50658010249495,,374.87536564834386,14.08996661990888,123.87432138563598
89.61006186101392,2.5784337859642745,1.063128392192053,1.926691577319894,2.4618352435062447,0.19789803185477092,156.485902394974,19.038503224071633,28.10935557535406,16.510140911006104,519.8050825595744,4.986686035030104,153.84090988151286
88.84396820044095,1.9974462704430263,1.0191625393673251,1.3904088798071694,0.9615788639217526,0.4525943278355642,175.29837352733733,2.74336132086147,32.74113723711017,16.531043042619032,415.8486384360677,12.89880282459763,114.3619468148172
88.53867241140446,0.7873324926489171,0.5152272123470891,1.2996143575224155,2.319681317274455,0.26636546171900377,145.2000631159111,15.049431901596954,8.126748757417634,10.108941439393059,380.75083740595596,13.885658914246978,111.22852881895429
92.87402143114699,0.7346432120583906,1.1461669746846759,0.6140625873271836,1.2290929351128732,0.3881333476663972,206.0246721938386,6.108125870142162,32.50348738964626,11.106053209368326,300.17622990762175,26.07011430473002,80.91977150486736
90.37912474637646,2.774067048591481,0.8462063900803876,0.5727043986044364,4.574210749258273,0.46731401415198315,150.07525128380004,9.610889392990465,9.541255127816726,12.025236221798005,520.5269473569923,2.0,160.74463819945169
93.07336740070133,2.173000657345196,1.1013127099237834,1.8899106170283313,1.6770340674817348,0.2632161846411266,212.2478005639448,9.655310655414763,37.650937044489076,11.161884389663909,411.11339406171004,11.646665969458553,113.55975782285728
88.4574943855926,2.5732169982918887,1.3048404957241808,0.6667176630448332,4.761320072666861,0.17651094841495885,209.13844818092457,12.31932748486538,17.28483685650266,13.00655557642929,491.2999839266631,4.15320685498016,140.3789697263149
90.20703236481427,2.697447250705668,0.5036741142923078,1.573460063766099,2.6652764504735558,0.3068471723427678,177.1666211551397,9.351001061275815,35.63982395238195,12.036979511877503,509.37249992985886,5.018551768286619,152.83169278151328
91.77643904662736,1.9294308801208055,0.322973841596204,0.8469314165934503,3.157721893380802,0.46323347482394184,199.54945634431925,4.36194460591469,2.8693471458523008,6.235814102420561,437.84718385270935,6.074298015346103,136.901055990895
93.53506215387274,1.7936158793876031,1.2349231036749442,0.3645827344909376,2.714702222446639,0.42174976565508027,189.55560590545227,5.203832247559932,20.68907126675021,11.211896179712397,473.9606116387797,9.621683614747477,141.84101314923726
90.23126752052448,1.5760685258024756,1.031636910183139,0.12035906562118201,0.6469030848335044,0.12633193734526152,204.24605138701958,2.7356356823441486,35.399208852034974,12.072870969678494,282.0204325980165,24.449266062314837,78.31790259040972
92.38123963505906,1.2923664694777983,1.139567483546546,1.1340889403289767,1.8791060950397047,0.3770291200310327,174.54440806287295,12.345479877232595,11.730090558408959,18.10014118234658,429.55041411781673,11.170675745427168,129.77793918882173
94.2018442376533,1.5864899021467793,1.305785969986371,1.953979755242972,0.49573056138811966,0.3287590089835815,202.864678739548,22.99784928676575,39.866708717462515,8.736219523948044,399.5371934684957,12.41637669090955,117.52217072066803
92.31104231727613,2.434699139325391,1.2633731217894006,0.8013587682374884,3.114770220916909,0.4629852705385702,176.99654536521183,4.544854920258564,31.72359678869413,13.217770054926989,503.3431569376247,6.165167146122055,156.66645794736797
89.63071632327544,2.004808577537829,1.4531041763145895,0.7786654345867852,2.234370976002195,0.1489925667401189,215.2772630274235,22.817818846067805,29.584307721415016,15.258488917800221,375.8321670735972,15.590839431362406,117.0235901291444
88.17080547089577,2.7313082248871154,0.9431220946225418,0.7537740739139399,3.889924857854684,0.31361444528186266,178.9097680660118,18.13395332410606,18.00066828311469,11.480628404679498,535.6695210548177,4.050471406273204,158.01505900404197
94.0906921173065,1.6084500359479694,0.8861947591918864,1.089033290879231,1.1023524049968492,0.45178507740475693,177.00954175469838,16.024973664551588,24.38134778386532,6.03804839214859,440.7860211828702,9.492212678294896,136.13467040687667
88.14888587595271,2.017723946796885,0.7822646398688761,0.9372632785061576,0.8228302921466746,0.2640095146966972,202.80574892508102,16.196110617118386,30.068790398403728,18.247491312254088,330.97686692598376,18.158902241209162,100.6491881487909
94.12291170878939,2.078268882729972,0.48442925141304544,1.7718377907813274,2.0316611548188392,0.29279796709314687,205.72621534086704,20.188008264718206,23.886874638787077,16.425852946772366,400.5327784236523,15.112852561492227,126.99388086069709
91.70255993819049,1.9792429057658139,0.9871286794584269,1.0604895042746316,4.632926916091906,0.12818427106678332,184.35912914569366,4.35223701635607,35.066509535057726,13.349906111964398,524.011843987028,4.346376523622582,160.88945972960127
94.57347388959028,2.2565844327137907,0.6324150291911745,1.0647398925582807,3.5521090750620585,0.21125745617956435,154.38382507960603,13.104595118441917,21.9679981887945,12.380617691977344,467.62444578401636,7.242018106626377,143.0223123595931
93.59148265041566,1.0935836709370157,1.4055690146555706,0.3629060299690575,2.0946181239645933,0.22980265966757896,177.42065847660638,17.336005041736687,10.512522496230503,5.974079576512549,439.70189339420745,10.559524915261195,138.55036541161707
94.98553877373337,1.7809094438644766,0.999828965132517,1.9672051277297333,2.5863608487715526,0.4780489794979548,217.44580023277427,14.910049791618402,11.089722248651839,16.607637075528785,412.2660009553733,12.388348258794636,123.75682369439998
90.45498270816196,0.7605620070208692,1.0114082166097322,0.5749484926507764,0.4210650558854917,0.21306694421646363,200.23889544313482,20.32113956251248,0.7872865577255841,22.077487348945507,312.92981928618434,20.90002184276078,90.01344350615994
93.37031802251789,1.4612783191120313,0.725909593052412,0.23939172817324506,4.922879481880566,0.2843474941078608,204.89300831033057,3.5899775982497326,15.397406920154287,7.802949410947764,475.3264034979293,9.51278916701284,143.6021197428493
90.8135163952647,1.719167671553161,0.36238722237324894,1.3599778730528966,3.332036523474595,0.3685217694257119,142.62603990553922,17.19542286898165,37.57142320368672,20.863630225689036,427.80287312166786,10.076029343620698,126.56379041585761
91.35912934212736,2.130560648863681,0.3380925184475863,1.231196103298058,1.4270203423171124,0.16487334896315098,177.4287570107328,13.74861006846379,39.81105408746167,19.155370468667325,392.2408855844584,12.331623289461348,120.69324842108601
92.39253824252859,2.8763276314655086,0.8080021729838369,0.8887767425862169,2.929041971076222,0.29457695485674984,191.72969069260444,10.341539007558755,10.522143333739626,7.711570556525863,524.8501983595104,3.5595679818115675,157.76477968274406
94.11573979930438,2.0016276663708896,0.4014784537166854,0.9021652443732883,0.5474118303449699,0.3954156157903631,206.40261469024597,9.48604960914868,47.97267784513468,10.405583741173709,328.89188250473626,17.615541891347046,100.68224911352353
94.88858428439507,2.3589847904413994,1.0282163466481669,1.5916214499882193,4.829183344037918,0.4467420852108265,143.9418922866217,15.658317921032243,25.368938277266274,6.971461887633089,567.3554400556441,2.0,164.18605835221564
93.37791389705163,1.7656651487380068,1.3571676067675889,0.4718540161893332,0.8739249394168297,0.3505037098649707,208.19511085134985,21.601898242173824,45.89044807641588,11.869174554323406,324.20239113000133,21.050910764225208,99.80215001577852
90.92436747517134,2.0852600784408284,1.3594977798224666,1.6584813059952905,3.2401515902760707,0.3676214061267792,183.87207493935293,12.915870374224536,35.48488145215074,14.575281194332506,523.7517618700109,2.5254466908325868,150.69941462673222
90.9494990159395,0.6773305403344336,1.090854492158679,1.3326195164005346,1.227272312694652,0.1505133890338276,155.78511764608479,20.143909609692244,36.26045443960945,7.18368690361983,403.1324793033658,9.013275973115494,125.74854469868649
93.16307611112224,1.1359789521046175,0.5534781977675172,0.8960425701810962,3.587806913242679,0.4783105988985389,165.380417315976,10.847440400567285,4.7096592546505205,14.215332136600576,451.6421748209077,10.563457440627582,140.3089243292175
89.67144002037811,1.4046327330128467,1.3355961976306465,0.9702543715093503,3.884106836201405,0.15302963099379296,162.55436414012485,4.252678181449884,11.38956078139807,15.73126770537309,484.5753579763533,5.35766835065016,147.11237805593993
88.77331879191976,1.681233387516284,1.3633121223758498,0.587629693653582,3.367098644557163,0.40986917487271934,182.46872274307805,3.3531262020900483,0.9363342480763954,15.82184313970207,499.5432311718301,6.192206083533441,151.41340389331168
90.48235510348543,0.6141218637559593,0.5359843019435504,1.5290172321242521,3.0724973012759627,0.20592652871132755,144.13485439289053,3.1293561691209066,35.948318203598504,14.611385138533361,375.34414475731774,17.13935102611035,111.48496307413072
90.01067294157858,0.8500602438832943,1.1849113029248126,1.0744620103800087,4.462345469760058,0.4734372574805007,152.68289267999387,10.36330312306874,17.549695277211246,7.452903808834586,494.7482417579618,5.799435453387033,145.40832916923665
90.07415684319193,1.1920357694782644,0.6438234587125475,0.7096236312247027,0.3931335549487902,0.38798381574779184,205.0154434700626,9.419230518388526,39.439299545779164,11.604702368682528,311.4403853071231,16.013810318327796,93.35721956499003
89.63525425734937,2.9288317272526267,1.2631683748235156,1.2324952199458055,1.654573828900976,0.40152548519134756,150.6083192597449,17.79461451969653,17.2773428868828,14.026394052132149,489.50652054191005,2.0,156.76538077061886
88.29465232745453,1.3283675177576268,1.4966854798843232,1.9918954588975137,1.24143739815423,0.18762366922395335,158.67170155665016,18.34207303486705,41.057020738793625,21.854574282304362,423.9238373084163,9.741276643738164,128.323745776465
88.1251175431339,1.7051026452802063,0.33603120639527134,0.9269983313474522,4.940069810327108,0.2772159906540643,176.2696484483326,3.118787314342276,6.969563560541494,12.194515869660302,515.5142311982314,3.6451483044119515,147.92552383922157
94.91405672815222,0.9902442818459823,1.3768390389491183,1.8493136614793773,1.9469488983343675,0.34712527783571456,181.36967104906643,6.864711783558329,9.081971259496656,14.443096040366209,446.48755652667836,11.681278652918564,125.40447212680779
90.99441193615104,2.0269501776894208,1.0471566403183896,0.7555319958566755,3.6630634962019935,0.4079894472826404,201.0888383691327,8.033760703495794,17.373388709404857,8.391248139417534,483.57215831829524,6.896894621173981,137.88127573803754
90.69028653011777,1.2017080387899357,1.4680591429977854,0.2039921431574732,3.423625819405023,0.14158375036495585,175.786594133295,14.047463651141808,20.72012574967253,7.675568677630484,483.33867744093607,11.567452482669031,143.11362033093852
92.75753097885149,1.0174814460960668,0.8580114210317131,0.4880600021000149,1.0604061873868886,0.48494612658181135,203.1891696828431,5.179334925952906,17.76078913672743,7.29195148861046,352.0549243973031,13.852752572903697,111.94547274102266
89.52777721505545,1.7914315711149476,1.3168655166856484,0.8955207723226,1.1949884010577567,0.45608826822182247,189.4677045636366,4.946706826800008,38.30052810989938,10.29741291469453,429.57735428736544,10.876395318810932,123.75578735436616
94.64972828765158,0.513764497901052,0.37487288231793264,0.5173063643296811,1.4064228177651705,0.20813943619823375,149.0479791539058,22.763355562575075,5.299093935022378,27.79400809190058,285.7490361087006,21.24913533777021,92.83344325558764
93.50441510090886,0.5191600816230633,0.7023348600939548,0.10043137261468553,2.055636391296896,0.42910409721293286,152.5065150714271,19.69246396055118,17.88524247210516,10.372618485735659,351.69179409781157,17.333932464057742,106.40478018802634
88.62587701618581,1.0476720227546443,0.38041984530145195,1.8385029217203017,1.171625328252634,0.30732956921592935,174.96269803598167,5.974407846005747,41.94337997601524,,396.66406932832695,16.77022336128963,121.41643913988966
90.9230654304945,0.5918034062520529,1.4704117601748847,1.7033708813387651,0.09825741373423902,0.2847225926248075,171.75115144712316,10.9444917739208,3.8064553244775134,15.223483206259324,384.33005602912147,17.883423388002978,117.57921475065491
94.15382815293515,0.7700643853267284,1.280368688726204,1.5103552398251996,4.396965284035978,0.22577364232456218,199.48354157098356,9.823683983666442,47.14600362973219,7.872599842768025,514.0450929105964,3.9853133057451755,157.1668543567008
94.61312415603987,1.347151623346879,1.3230569054951646,0.4188477317274544,4.82804915690442,0.332387434652637,186.45897118378815,19.40208962943896,49.322683692464636,10.236474362151245,541.8682464011866,3.3735680642426464,160.50364648024518
91.27181057874908,2.506464198949532,1.425558277720673,0.3286907947989735,1.7078519351578398,0.39195564708143915,171.05064648017995,13.224684162518685,4.884124604341464,15.638972805662604,440.7314289944352,10.17258568173577,120.54735075225484
92.29387972447495,1.930121608423252,0.4021241833437424,0.22844902399752798,1.6925343971273643,0.2643731619851033,153.66082267603085,4.8126942138562745,14.91798985165898,14.459201091701665,357.35917493699736,14.26067819837939,104.265967368771
89.16923762264453,1.781669314891041,0.762717111016,1.4756554586685504,0.035459063871854934,0.35168767720331684,158.1469681860396,18.257825389437365,18.933832968750128,5.487112436648769,398.48403275628107,13.14991818390723,115.10581389920343
94.93818038295883,1.233722058020304,0.38524186685280254,1.8647351253069822,3.4012534416518703,0.37972516846212157,186.04008147752472,10.731535520948217,38.93137274830994,15.452397071728747,490.77559982634165,4.727733183069648,148.78549236642388
89.6217019096841,2.829384298582041,0.5529517218600344,0.9180180597347702,4.127199478743144,0.3844487268061144,173.8751043919834,7.784333447907235,29.998377199778325,,543.7544190946599,2.0,164.22252031584964
94.59912241894588,1.4925376030929791,0.5752389324452067,0.3263672767924915,0.7330415018000158,0.12078643925247211,181.19420070885377,10.260969684455844,32.39610217438208,,373.98060677650204,13.377377689639248,110.83228391752448
92.54752654294658,0.7177319169894287,0.8629286532570943,1.0735463593910024,0.7983317468357537,0.44389912227402684,153.6541948241787,12.95064439935172,37.996736229516046,14.324140734696927,348.0405608623624,17.46704916837595,113.18979315905915
92.25415756415201,2.042666290294503,0.6222746009443711,0.7627806241713972,3.950416249857189,0.2833013259060192,193.03250018756526,9.548541361174207,6.339960472132773,22.40254054894881,470.6495238860483,7.9593385950699185,137.99121410268125
91.58881957711556,0.7845959836915035,0.42117372818131327,0.8121673562649956,3.0814537417707233,0.2049664326784858,208.20309926847736,7.3219269970186724,41.743868117057986,11.24390438455604,376.53990105947577,16.285314105283778,101.83330363089827
89.61468868202431,1.3630578570042302,0.5009893069129292,1.280528185895844,0.22430278813858506,0.19670580299187265,160.63516054295204,10.767044633687567,35.42818030691713,19.523523780125238,335.0187430742162,18.81822044279806,101.1029062892938
89.23569622403856,1.768529846794522,0.4767306762625091,1.4655644151981846,3.1127349523114085,0.2932056451375802,179.32113806654613,2.421804036497761,29.07841539722033,6.845769654728292,498.7997448169524,8.36523811230234,155.58589830555545
89.54340346349123,2.6855563117129395,1.467692157494758,0.3101468378590056,1.5445886142188303,0.4547326157875837,218.04218632167215,18.994952614118905,44.54189907176131,12.836559855853919,343.4170867183513,21.911037942700567,104.46093040351927
89.30506783500978,1.7338664508502966,1.2111510083021684,0.16762143853230516,1.8436257773542297,0.2513390326730588,166.6593392440582,5.760787658486888,35.165164517248456,9.81172243453955,416.8556935265513,10.842481037372714,123.27351558727017
93.45709131496727,2.2556469150791605,1.4613137583234743,1.9892275751028583,3.8486570914844007,0.3998902987134173,187.60370759390088,2.965901499874019,10.484148150235757,13.637219664202233,582.0911690625132,2.0,175.82958824445404
90.45087681416712,2.982042097497676,0.8276885838094903,0.5421838629395485,4.054675963363053,0.13872749239488746,147.21565601601955,16.381371243911744,21.7723963632455,10.820873917650397,512.738883810462,8.210089650979711,163.01619796468609
88.40489873594377,0.828722799744954,0.6340421779951879,0.20227799732607224,2.001783134199153,0.2904226808604247,188.48120019835545,19.02659483412079,24.9551219133188,7.124755661290486,384.7605143794597,16.21140417014785,111.05251417403448
94.78371841098568,1.1868288137987988,1.257951836651024,0.46076312528224794,4.735764680031774,0.49667445615709427,147.17054186436943,19.904240895042552,3.2332725241450797,8.542350933584169,484.35593379821256,7.686172283996571,145.46114606048502
94.18650119474398,1.486440188994116,0.691504701649376,0.174019908062082,2.0323135897603612,0.40817512111693477,216.73883482590577,12.857202018533199,47.75455691132276,6.313685431233064,328.4375441393494,15.081282665311312,101.88097712260793
94.49426598236649,1.5545704463470784,0.659260048446418,0.8444406997726261,3.8591801761505495,0.1842113953762452,197.25301216578492,6.518100063179677,6.864574409445485,7.222777024749786,454.1586007650287,7.551160074225912,137.51701618283658
94.96435475852505,1.5275526881638644,0.5790071906493974,1.624563390457516,2.4193863228212953,0.3005765894791643,203.0527830508565,18.21900889949619,35.02433272772298,14.763084140453454,411.86798527971655,11.226353277676198,122.32106028768862
89.21726674453642,2.7690275063913874,0.45561477386908245,0.7483644545396692,4.48766163261042,0.19344990545942664,196.32834886173094,17.393687697395418,25.55843628649857,11.01860434292822,521.3062104400911,6.069884591165386,154.26023379981828
90.77369413231861,2.285081611167141,0.6077556732201191,0.9439484730688964,4.538806218250893,0.2638243709050037,187.17832288611726,7.417956150269811,1.7687963692789181,13.361076805187427,509.9006097132147,2.7467321401799687,151.54421054050547
93.30766932992864,2.0197630352267595,0.7263836981686652,1.3836148697781336,0.4370840393554193,0.41203360949398593,175.99302248684043,21.874970628981444,46.2750000552859,25.184557086391525,363.4038291580372,15.75694430741164,111.68131037452447
92.87214432637654,1.2734317946569553,1.1087930497748764,1.0668987331327724,4.682466656551129,0.40848992611616153,208.669870380885,4.296172077822238,42.6659220365372,10.82232665070775,490.45158125541866,7.444424407586026,149.5043361859198
89.07727134437899,2.559475960553237,0.3750778106633419,1.736746803440516,4.1276742076020785,0.19124015116095405,216.54685340344503,23.619141271009166,26.450767431239857,15.700829938357995,460.2752282225271,6.62658304309736,148.55616138600084
93.71083187493433,2.887651278712472,0.5526083275984115,1.7454677825869374,3.9565535715633344,0.4688893272619441,179.9228938323265,20.92545184150422,11.832645638902541,12.32037264590522,564.6523485193039,2.0,161.7117569858596
89.57108400285662,2.552995706375566,1.2708283683500117,0.11883032143319193,1.0045566984276122,0.3370272731059307,214.52280393242097,17.133770200539654,6.520333088664665,36.784398927283384,328.11619989795133,19.04825081716608,107.2243934186584
89.56672330375837,0.5039127629786823,0.4763063083005249,1.5782879823180784,4.025596043773325,0.2519697163848058,186.6666327990814,22.652497542156322,18.487927731890267,3.643487192292372,487.48931748590365,7.755074851631639,145.2244135986486
91.7588209602539,2.0910034254585175,0.7111741758270258,0.9753938404591803,4.250663673425184,0.30077423231234424,183.07073495171466,17.89084570312157,13.14369991178148,9.142511140780746,521.2877297749958,4.614679900254824,155.93338382555817
92.15057954389192,0.6278384536052518,1.337590706229768,1.9787970284769598,1.4457516722707546,0.3420285013750975,176.35861863642853,6.190053934661011,25.581214449811785,15.825294690550535,448.8243717664386,10.348634284935095,138.94097720572825
92.06060345486468,1.1440180508343047,0.48591037337213117,1.0181409441633267,4.761300391811619,0.3239562127383142,156.74302092240958,11.727435038481858,48.337260158109736,9.014531098534516,485.29193105489526,6.578215856391695,149.84962136726844
88.64040786178428,0.6488117508694292,0.39928420274182785,1.9751022962377653,0.24930073199582126,0.29456201421447126,140.29757286544475,3.573066535295978,28.960197914867248,15.278225165841327,288.7122795424952,18.55110569486869,92.39677403232362
94.14222603841266,2.0094886323734693,0.8814455940960129,1.5336817862908996,0.7495462662356983,0.30197312163576007,159.3204981484849,10.572463290338538,44.55158726655985,11.893218013725507,402.25624210075347,13.098824887312716,127.5507590748308
89.85920029812094,2.216474783731517,0.6629034135342436,0.572349280765282,2.6879056902575718,0.17056476417115446,180.7778537282852,18.31526643421859,32.71850245604097,,438.25403191615777,10.050285817317823,131.27705459842744
88.90660444897964,0.7862190951647627,0.9760900373806249,1.1229504606452196,2.8789623556115487,0.4250931617218717,170.3967961807802,10.501753720477982,24.024703066066422,7.745800827620663,471.1667080617185,8.839752858604847,148.28816682243578
94.22123655908284,1.4595972076124486,1.2645658685801702,1.9850577150093072,3.2257504165045168,0.3167041279764061,175.8788182402107,9.26647186029895,42.803074355301874,13.054552509625655,482.050652044422,5.590091146440781,141.4694146827181
94.68956048760828,1.6405912723888552,0.4645781857832918,1.729308154728655,0.08484564657733229,0.15243194468188126,218.45185756512396,15.097825895226862,23.832721453563376,14.678844271759209,275.06913299450974,23.078067529898213,80.99425501974338
94.03489332085816,1.4226325544022915,0.996838901465142,0.2849970982033201,4.801833873110652,0.4064628406331112,168.0217896535462,21.18849963797569,43.49709444026287,12.841930832052881,505.5247369321454,4.70474302176612,150.74734573472944
93.66661252307415,0.8025625012129827,0.9066105124678367,1.4421067939389927,0.22294046367071996,0.4729775913509403,176.17463514880865,3.0468302360144737,14.933050094000382,12.932777677630284,385.19108347873333,12.759604013731595,112.92417697913733
92.58669386447315,1.5473694754686886,0.47289454321583946,0.7566012131545448,0.7153097636170119,0.4789227596947848,150.68124410822557,10.48034956339418,6.876247151267912,19.706969645989066,309.4171166313778,17.94007536266696,93.1244166111427
91.85600159426397,2.377945119521045,1.0487981826347788,0.11326629757266143,0.0700725876302849,0.24760709296446912,143.83661859495902,5.48129631993578,42.83806598596545,6.22166590575442,318.3464571533694,20.297365068720584,99.98606075554787
88.60890731937987,0.6775191613331386,0.6283685014329259,0.8666138411512991,2.8342921664704734,0.15420674942430163,202.03276116739957,17.29779351610113,29.577050607737007,12.80693570739155,367.71268509834886,17.59851134343522,113.5705354167629
90.85917249149489,0.7004500352047587,0.8854011822528149,0.5460334012774455,4.661334419604861,0.3073598506532261,185.6546540057583,4.325940329484967,44.51007371332353,7.5107907024748295,497.3450608374491,3.9625752081579124,146.13759658519336
90.6088196190862,1.3869282295899605,0.3987267891324742,1.655851613988896,3.329735830402321,0.14504369173968829,200.8563844835116,16.62577068876538,46.922446746122965,,442.3784196349356,9.17419138011723,129.23592231494843
89.81827648632229,2.854314279047313,0.8515008686563477,0.7409281568069543,4.113287342402137,0.4735949674050469,151.98902391092412,8.295979157553962,3.1546053233867344,,502.30283256623284,6.474871835151683,146.41411479117352
93.06394079582009,2.1714316168072854,0.6677561616513843,1.6722950185122525,0.06640601729290041,0.1734318509420584,185.74630169461528,6.376169902218943,25.297980442013984,,426.41090683136576,12.74054439951017,128.36723116099873
91.4711301455514,2.196674891681412,1.286857453422425,0.1011360837861111,2.7100764923986302,0.20110634398046565,160.29139794731003,22.59975627214968,19.060745179189198,,469.52797254821786,7.900613132767188,132.95417447675325
88.56732351135354,1.4047999770946624,0.3683744723968419,0.6848563850496263,2.2978148875276094,0.2626546107539882,158.2449453520016,2.407540688411029,31.4799906549708,10.942469277152444,401.73065042163677,13.689951165129171,116.06619313223035
89.54128241364867,1.9841519780213461,0.8023287299019959,0.5582139071847477,2.4948397211039652,0.25326578742365036,140.92208112423882,11.631099981570516,39.78276426151501,14.050413787878584,388.8040427492818,14.95977625702913,114.34710746140901
92.78281134561718,0.5253279600693584,0.8501177089577256,0.5437779860303609,0.36106592667593973,0.4178651569591556,150.42725788552576,2.475793834159463,14.389215690731262,,285.2956558012419,23.598415496424103,90.86555152968432
88.5329160164321,2.0902401160238555,1.1700072915589423,0.22955457755437914,3.4221768053465373,0.28252672822038494,164.74144891997562,12.639047058295239,28.061520026471996,14.133677636877431,482.77405721656385,4.235236639250729,144.1713658091149
93.95844839834137,2.783217368940592,0.9891450901082532,0.4555361137799533,2.516102074293172,0.16830730400133476,149.35030084727512,13.023042311477202,35.58206470529253,13.036736197447908,425.6820034333915,14.779860503411275,132.73389595234673
91.46602568909782,2.031433670862048,1.1006548046330171,1.1555441827826778,3.82574424930632,0.20688395819442965,218.868675232875,9.076574370684433,7.154338600368834,11.954309587579118,427.65024028234404,11.335988582297995,129.2329460506581
91.36410604128653,2.684246483665863,1.2324591427821072,0.6535860383917145,2.4264531703085765,0.3036453540750088,164.69061188191606,4.90755910555052,40.796311844587706,7.6988995764732655,490.93566388857084,7.184811114595615,144.90920333747337
92.14685449261663,2.3099326386652344,1.3346435683898266,0.8930500864253811,0.7469081811321604,0.15898156697045396,150.42591573618625,10.280525830158457,30.502425192722168,11.177477953921393,392.37859665171084,12.08610377039287,115.54786949833007
93.77276676147605,0.8013960410092256,0.6766505960669646,0.8160470726596581,3.24128477038911,0.3446622702584057,155.9265850262366,16.789784678516455,47.502103137125765,26.831040137148136,414.79857576540144,11.44431254841655,118.60928213672874
90.43466445531536,2.7561332682146045,0.9456272464366835,1.7642193574997997,0.8619318105258311,0.32629892262045834,187.0162582673181,19.2127077901781,17.30668149696932,10.484650263900965,451.07236187801885,9.668178451611684,147.33761819189152
92.74611306791344,0.6661096108894372,1.30812969412704,1.8200680981199795,4.361972816774075,0.38588092655290307,145.12348190918308,13.67651325253913,5.853224145691334,,479.77778420586856,3.008961818536361,149.48589801932278
91.96012374797054,1.8349186813694094,1.4873413571580678,1.0366182461461342,3.0655811953462075,0.4750818461517471,208.99473041129255,14.976356677674623,25.571809451327802,20.142539200826274,416.5935388176757,9.8702367921822,127.99668952259037
89.86919789118595,0.8553428094836442,1.3674231732525157,0.7272963055996483,0.7860194177847712,0.46490182444046224,216.91997433897177,6.413560164742359,4.747633199617223,6.5763806159885,307.0654831171619,18.984190393072858,85.60309651710847
94.15040990448611,0.5292665268272602,0.7457607151492521,0.3029213376044909,4.811690287406034,0.4784302472275326,159.73979365339048,8.321267331008288,48.491562904538334,,464.08515228373085,5.31591440818595,136.96741524158858
93.5819821512485,1.5550856503190975,0.5341998206623805,1.9114654708259806,2.591827316676603,0.1978862388094804,176.00762148726875,5.561703421151885,2.414905433730981,6.452373399755051,484.3257449771222,6.466105822346905,140.42105510468554
92.60916284260898,1.2376017691353907,0.8872710448879064,0.21443119531056515,0.364492259358275,0.15262612265574185,141.77075608235975,7.48449770010145,37.798443104811746,,291.21261969247473,21.554825100469643,88.00162707301197
93.9540721036597,1.7150012344940075,1.1899697422032507,0.6655355273797328,3.134164522075336,0.2209106801985794,191.2568179781777,6.947509164961699,26.49256870804108,12.073780741368383,462.4136919872621,10.854319261060581,134.08757132652542
94.07105940671862,1.942999716836377,0.8910828849039572,0.6663257822230079,1.2659945350640511,0.4580340691065259,173.1140846442071,13.427873300607228,18.74672229866529,15.563992361142398,366.7561598174597,13.418156079511231,106.67539504299067
92.95854083700524,0.6093476807723683,0.8798170359764022,0.7087624436664083,4.0184672593865125,0.48882138984939527,161.60467728812446,14.379152627396047,3.7591871431784054,8.125524272158657,460.451124599089,8.633406788889243,133.62956262303192
93.8590932985457,0.8075082378093641,1.3058765052981607,0.41214500221757766,4.089110367830953,0.44372998042819045,156.54696884932866,22.7888432580731,31.297262746593585,9.83538666356756,459.6825847486556,6.465213245465263,136.70600880077595
92.88230023168498,1.8966059911260633,0.7336845348806236,1.5880067187550246,4.894736779273309,0.14400708845101745,192.32184621270085,6.302554236233507,29.468406304852284,15.888906817898112,543.129676245832,2.0,163.2960277759336
92.7609854023221,1.3579183829316457,1.3317536097739748,0.3327459377353795,2.5093476551225185,0.4789711992239173,173.29736248258516,16.11686562355291,14.403722016846187,9.935030971372564,444.853635686723,10.587316853081106,132.389780985952
92.33027964750629,2.32293371887362,0.7881657611420683,1.3063226523910094,2.2747843986386855,0.26934321094031444,154.37274312239296,19.9797039177255,45.55597421981045,,439.64298508255825,11.169759072064933,139.55742785182562
93.26901647690349,2.130729121479849,0.6938797268140073,0.33530745074105317,3.767378027232403,0.10372411630494148,195.12872651894594,14.325312203227154,15.553445363470425,13.245633146681767,485.48170595277475,7.26570089426801,149.7000463080981
89.11023573705151,2.614010907474767,0.8447878934396387,0.23401771142661745,0.6623532817096328,0.27695749629927746,185.2057826429355,7.6100803550236655,22.761407824309252,10.192980497157098,393.21361066205634,10.909918868428113,114.04891920562237
94.16609531439249,2.231232066673063,1.214936350409842,1.8279160570031654,2.734577568965621,0.11842766787018705,208.69376439435968,7.776105060440004,27.416241567973458,10.738746067659477,466.31826545597784,7.861713494290725,141.52350804401044
94.10290469421662,1.5748276934753704,0.4512024334367931,0.46124465600554077,2.7312380006542547,0.31755116846444703,149.39807191011943,2.863567167561998,5.461477969726162,,403.988561005715,13.875636079008801,117.69326279139801
88.20473098124191,2.182416555986081,0.5357030590464209,1.6603752936634382,0.4473656140519361,0.23542161097482053,202.85332815555648,8.719772984066598,46.6420051010748,11.155438695721841,375.3033273418248,16.880054259702266,110.615378561144
93.78071725395334,1.1884529356385463,1.4417337907957104,1.134798655103558,2.089920427534568,0.2893739734376195,193.8813429453807,18.38128093807436,19.039539546326534,16.31524426100089,462.7200167015974,9.238988102047424,141.2119910268594
88.90208907231411,1.2657837469455318,0.5105899528576289,0.24792738725666225,4.2664239928360095,0.34526814429724684,149.20087494624784,3.0453906585564283,4.498571086780009,10.501186682835188,430.0354076182997,12.527435639264926,132.33887223840946
90.345831979814,2.4724628998019833,0.9812727815172655,1.9153515637323282,4.280768109973302,0.4475204383271282,195.58565838973766,6.824496215106274,19.67091309692883,9.687027598988772,570.0280374447836,2.0,168.07125116199012
93.20455779404125,1.6160487910039554,0.9951773599943254,0.5692262172845958,0.496188324598405,0.3647606305887715,175.32378311038644,17.537114967699203,30.210026081082745,17.533277955046533,353.2627068238991,16.9487135202453,100.4544641132422
89.12531927233816,2.4959508512958815,0.8875493544602937,1.7333261561699524,0.4536044137391543,0.27361954739127226,215.59878284446745,19.218334382103286,25.925807255155814,10.28975082577843,372.3715945234464,16.20733282243563,112.14999584565557
93.72576916883344,2.556055934170696,1.0736942982921822,0.4207390109906719,1.3134773850096764,0.4277711414681461,151.32890804943196,12.017005021362426,34.879827714845064,9.814406447633058,412.23414019536654,14.020622978184754,125.84335410151968
93.8249392457042,2.6439058441532093,0.575792070957142,1.7224914760695205,4.373830312769967,0.46223285502925293,191.42667126525905,17.357635446530274,3.246455132361576,,578.1365080987541,2.0,170.2495082765426
91.55227413632585,2.7915880896030183,0.9631947213320977,0.12513474452005857,0.6445129253674947,0.1479039865728789,170.55840363703567,10.534947710407625,14.58476020846678,8.038147551153806,397.18912297408355,15.622865125384301,123.23950948005304
88.04470110201784,1.5774630512832406,0.7466079062962765,1.0723828674820133,3.5999840131372314,0.31277319102111656,216.54517364727022,5.518091390530805,41.05191355358506,8.710672591876005,389.7575159638944,15.568391379684906,120.12371980549551
90.00926693222439,1.297167045802847,1.0940007115550268,1.561940900900958,0.5058280980655161,0.21380478389697766,166.3979916232221,10.759288857503943,4.454737545672362,9.81535271099655,406.52203138837797,11.213334701028032,118.69225423699535
92.31848842863019,1.9554968664852845,0.4694682520477793,1.8761114832362884,3.1156892687391267,0.11882447915077897,216.974872759344,14.759292044469143,42.8465547574499,,400.34233104092465,10.360613705255568,125.75351024157321
94.86830324619197,1.427931058594069,0.9850529002073714,1.8274840587923253,1.7803364955957242,0.36741867804559414,212.1188680880599,22.857172200763586,5.04885655781676,18.051342513126947,396.7697756549829,13.297033006053631,124.83456911808233
92.42269468911668,2.002685417000582,0.5223244264599884,1.6572872521405253,3.944569814829335,0.4451083109836903,161.6306588248525,3.512520945950901,41.80548363713896,8.934685436426408,506.743121797333,2.09828932973606,162.361277067318
89.81862506744912,2.2639646566095615,0.6343716757380436,1.7875635643564778,1.1684522441268181,0.16516106179095763,204.28334214611422,13.162670064589133,18.35902585339697,9.205024275637768,408.7910320995819,12.462969067791946,131.19610821979344
92.43803992169728,2.2210125462303423,0.5624517603882999,0.4785174030904453,3.196009146949799,0.4249654630495602,219.64833614428048,9.236235120635936,30.804348631232184,12.96510708938799,354.79132427282684,16.60188926617255,101.92433116922696
91.779897658011,1.4363822175503034,0.5194053358425805,0.6399501618522846,1.1784126728794249,0.4413582934147767,160.21304017370258,13.18285727408728,8.06791222457591,7.840693193786546,375.2219084562842,17.584069798330376,117.19148514121426
93.45891776605801,0.917150504246882,1.2908531418728004,0.6490401973500112,3.568301415560769,0.4657361770665934,174.94217354586556,2.527459842283697,3.775351725396452,22.7734836634838,456.7168508549787,9.472777264168807,141.41320173944018
88.7488644717887,1.5763233461555188,0.6428490811930684,0.8164024689032277,4.3683901728037435,0.206114035634421,181.61445892534078,8.886557803434789,11.188941098996686,16.791330582578155,500.2289679408251,6.937552981308189,148.3262743851332
93.3271953175142,0.8564853602047718,1.4125485382373393,0.8473092737318585,0.6340089956338002,0.46158122607595575,163.59449086430914,20.03709924559411,6.828763986480429,7.63517011340773,356.1491162817445,15.528880932562894,109.11935852485351
91.78886605073278,2.725242587959521,1.4639118304142291,1.1346551168438834,4.3329784429775176,0.2282651018945729,141.22118717168237,14.186718144802025,15.964091935141774,18.273772485918876,504.57112731654547,7.693646363251625,141.98321994384455
94.74094402701296,1.3646936518446435,0.9855125639245168,0.4037715503962386,2.9678762720714897,0.3209352053822011,157.61033953580213,11.912814841954583,25.9619707022955,19.859515366125603,433.36253240744475,12.118293599649295,120.48183138276858
90.3931051622708,0.8861493680583095,0.4716013471988717,1.4133686611933798,0.6355524543351199,0.12020298833291286,162.55495074734068,8.28155157773747,29.64359344646797,7.7149044843967465,375.3718322365868,15.825129877239828,104.03833996863929
92.42835325193764,0.5636193997643772,0.7494578920554975,0.4183764246785623,2.13770927679856,0.11755243534749744,175.48797610545498,8.55693550140983,39.598471315297274,7.644094230602986,352.1701210709837,13.213271501852203,107.59732092842874
94.52419673857013,2.1145559657162107,1.2572787160178567,0.6895861159986403,0.8043014674254895,0.38814928509288116,153.68819827307215,10.428231538992858,32.98387471579375,,401.8050858292471,15.21307268567073,122.72407140837443
88.71756809593475,2.092255793636858,0.7408688744364845,1.0563557481516928,3.5017394443328476,0.2777919911911164,209.8603485353338,20.38255561922033,30.63353709391287,6.9165559600322695,439.4791644786877,13.38833695571364,130.4743287777342
94.56059941065516,1.3515104164532292,0.4044206619633465,1.613237066894607,3.7943406720897483,0.20251695014768703,196.3928906185069,23.278690549781906,20.883210360545846,8.916331420185529,469.1967228564971,7.4868346178008665,149.36486250074546
92.8152000561057,0.6792797221191276,0.9681418931138255,1.5049915431535819,0.5289826013639948,0.1761653984099641,146.81603820477295,11.65041838970824,23.953517530526867,,332.27835387142994,18.48122920553319,104.61888317597541
88.4748594137362,1.5240722372380802,1.3141450217952417,1.3265152771799924,2.5306992634732217,0.3679813963436872,192.00739609119452,10.65376245245076,21.018781054813964,14.904466670195426,482.09214798898455,5.399273946813299,136.6360784727462
90.10674496862771,1.278043737658484,1.255111664572203,0.3959691951023233,4.073125280129586,0.10016061761013595,192.29251811244964,20.62411706803698,42.18721848803847,,456.76994021476884,5.194933983263063,136.17111103500352
92.95720462051698,2.1928015993375234,0.5101477681564239,1.1393861566695977,4.680815207754982,0.4223564676787417,216.4976938914902,11.391917053998679,11.885022401145793,11.482124071036587,435.41595060699836,9.042536331143761,125.926358601193
88.47145421028141,2.014448123631726,1.10731753729496,0.2661483534197824,2.5675893337088502,0.13169984245197153,140.2416697084929,14.144399790504327,0.7831861113272489,10.041541938768193,402.1262688060547,16.14873749323204,122.70785998542397
92.07519322123392,1.4114843204938499,0.5646051161227765,0.8169900359136364,4.751396118057035,0.1765958459632478,159.83459598446458,7.080716621172377,32.74033491269884,7.219731039143397,507.9621667716254,6.521049383097039,152.23575540766075
90.4211813986707,1.0447313856374754,0.5618490414626067,0.8856814075509224,2.678444852280149,0.25449455811963584,214.22331835002524,18.357055787139654,10.521878090122154,15.435763013488883,360.3355812564817,14.6277361792195,103.6857825074123
92.34640862437234,2.9700899153889795,1.348886127966222,0.17564173494693228,1.9709524729995398,0.2939434958864414,214.57071323186264,13.7037430019572,44.56069924733556,15.298421646683092,381.06061052866295,13.358376914260084,122.79054581123856
88.32019423668758,1.6350040529902872,0.5996027432882762,0.6205773889929465,4.241015642764477,0.24199804632557675,197.646913549651,19.798760105287517,43.02279332047947,9.518721690727313,489.5036617351166,10.109871079050933,147.13808306032868
94.10075764306663,2.220685589450593,0.6158968158216134,1.9157339878063298,2.4649135522904455,0.22828486599371756,201.2610656838032,19.176120060630733,4.298004910446192,7.8423453667761365,471.928315828493,5.205424288666787,139.4982970511967
94.81442278424178,0.8513824189459019,0.30078406891355947,1.91190195487641,2.3595125528226153,0.4855664048292754,147.31863663437176,6.730104901940629,5.766226067996829,22.701744573917768,390.93111887062895,12.294659449196194,116.01363591388716
94.78214498699984,1.7139742491484946,1.3448028409506212,0.7694214030798247,2.4515624470491417,0.3566318724973577,181.11006678225868,17.74398211227077,25.010993816209982,13.446141404095606,483.1906487869356,5.485584805861722,153.0505348671238
93.24756282220048,0.5688417996736637,1.2511137758509616,0.1818902070018157,4.233925009348727,0.1093731821469553,158.52663930311996,19.601196974930172,30.656521807083056,,441.87032954137374,6.934353518607087,137.1174720615824
88.91060368091442,1.7636377947761248,1.0527947221088136,0.4402803847235449,4.15970770844026,0.2720703633777253,154.4974434890894,9.614359297212692,14.107962705370918,14.52772865466584,493.581292497771,4.438476058488233,147.2626322085057
93.30784237150316,2.910043517794256,1.2003189167266106,0.8452138075237262,2.017599962201056,0.45000347989758815,204.82426392986662,5.79740048385004,35.98148697661885,7.530839481821598,445.0428446066773,8.351955776519763,128.55240498150508
88.17210841521161,1.4605167824645005,0.48245828090939014,1.9007814261415366,1.666499299352625,0.2205824745642672,150.8030509344438,2.05790742275094,29.94834303548414,,398.8392224293242,11.28836245472553,115.47079103799936
88.15486486070299,0.597490031437279,0.8499883135050905,0.3682782207206513,2.4596401201956466,0.1378225379097553,177.49213095971083,11.91988036804926,16.578793432553457,10.366721571842936,374.24608246124257,17.716255741716413,109.86311168334927
90.26527153404679,0.5773894772983588,0.7214632648185371,1.5506801029696033,2.863862548685545,0.4033539086359671,215.08625916688266,9.753520093854515,1.7558886580946218,16.925422838718884,348.51903613309054,14.784818539510539,107.09153963600492
91.42050233283265,1.4699668998671738,0.41253183150841977,0.306496824811915,1.1916860531399847,0.34240553277443253,154.8665644452274,14.208016344158997,37.63243892427663,21.831919177314358,314.28854263680205,19.573064741842074,98.06922229597416
93.39285192465455,0.9000623411579851,0.8833565822579088,1.964389397043426,3.969775423577953,0.32812500313060156,218.23947389905877,6.136904036953287,11.130306458341593,12.585563622029303,437.2260567618245,8.267913133590215,127.54011123367214
92.78306763624553,0.5583802408204648,1.4048875804111625,0.8250713483073564,2.4324138286621144,0.12143062384296317,219.54303886088474,20.912642048662455,41.806450301400105,7.594381036203133,364.0350586596364,15.457247384482041,113.21431851474843
91.12131894463724,2.390534034875442,0.34807094286083334,1.5729456239082065,1.670227742099798,0.15619960391820695,184.44937237459223,7.670614743818413,21.30436787268563,4.493409620849108,470.3396949230713,5.5258944130383885,136.5588290370809
89.91538666397166,1.6463075222047268,0.6497530961925526,0.7509230573411504,0.5341049648199531,0.3490197584852455,153.61141921417263,6.9814513119283,29.065333410272387,11.996724764941234,334.1761409243248,18.417697989734204,97.19397400746983
94.97987150110397,1.2231119299316364,0.5490491234468442,1.2925708666017366,1.1942258020180345,0.18312953658353434,165.28839103527164,12.575709242655831,43.710962155245596,13.464515980048297,365.51717335927407,16.401552305864037,102.40753440425492
90.98326911565181,2.750207957541202,0.5857759843988355,0.4648305610060698,4.7464058587799185,0.3016280318993697,173.9594266141228,12.974722522374034,43.24933854553769,9.657066687039416,551.3357316978979,3.6975052117709475,158.00418077845242
91.15970917030774,0.790347400501314,1.3901214622552502,0.3774399366642288,1.525498434097633,0.3179526744117574,164.74593794865783,6.7318750332720425,18.890218974556877,12.86196081816445,370.45283390775757,14.186583318254847,106.53871336834459
89.14536674834169,2.889797072388298,0.8616828650811481,1.8823218651794495,0.8442964468351766,0.21340287610837577,162.45084639012126,7.980935987970147,10.840000189384735,14.470873936614462,450.06018352318785,12.23083876528093,134.88939627750958
93.5636668412495,1.284916793443382,0.8595592955277824,1.8435298280184236,2.303363958274966,0.47937006221659717,217.7783767373086,5.733515261415389,38.869730847565435,18.13005604990798,388.370599049273,12.316395542778286,111.54127281172794
92.85577558047042,2.721009180771703,1.2126907709463388,1.7861909864044765,1.5354387168012433,0.43698564273423013,152.26918619325966,17.80612392310967,21.937470078305495,11.118093691983546,468.6419302679445,7.032607417666658,148.08300088891187
92.7032492051911,1.9439834147028938,1.0880753816659294,1.5247338694477106,2.8474862925928797,0.31630625252021716,204.20485985213023,22.074671193068106,10.814992110936856,6.849410271854193,475.8166936027768,4.9379941327855095,142.31012759269942
88.53104329676064,2.3437708986475174,1.1792388607083364,1.1572828109627618,1.7391117371652298,0.27674148323642556,192.30223383649252,3.562540488285186,45.44772637861821,21.920031711124587,452.97640938086835,6.386673514479032,135.95638163482403
88.17770448962241,1.451050018768906,0.5641335910857037,0.14287257224015976,3.3856213174128196,0.10804868874122962,170.1049453563998,8.555555482569929,43.05657478336051,,400.5497978884588,10.728236862994203,125.2990673444729
92.98525454943275,2.6697957363000553,0.35782321487195545,1.6839236199028274,4.862306950139511,0.28088604004068723,184.5454688222646,12.905774221722062,15.523751181466517,9.137092284062112,546.2538981113464,2.0,155.52971678368158
89.89521271200488,0.7636842498915765,1.4966188246835406,1.0906163408001084,1.7703228117754706,0.15460120483343287,150.1324698277755,17.29701689173646,31.479409969505195,14.914354019845916,930.2065823050184,13.712980208728645,112.2400438093961
94.22123655908284,1.4595972076124486,1.2645658685801702,1.9850577150093072,3.2257504165045168,0.3167041279764061,175.8788182402107,9.26647186029895,42.803074355301874,13.054552509625655,482.050652044422,5.590091146440781,141.4694146827181
88.27598767957954,1.243094519271543,1.4947573313986602,0.4594720055416742,4.149697966062217,0.22393884670131198,157.18836851399985,13.647586291908084,30.720401622561923,32.61192460353248,472.5100020027585,8.74486793831212,129.28625035841412
90.23519546313291,2.225012227051664,0.770949823475376,0.1307807549449877,0.9633819824335016,0.29653217276485233,219.73466223477436,12.62367760516917,49.67832723958755,24.54367635957299,303.189566070468,24.72766023559025,87.78703669299038
93.10305017628691,1.49230819050399,0.4311170523715457,0.7524347341375239,1.758249361709527,0.33190857670499185,169.85658952841015,7.939420010820165,28.87088777507166,11.61891017284533,388.1498554608349,15.831318345014218,114.57769135834826
93.92516604214163,2.3198482674344127,0.903758967061848,0.8893417011249702,2.9121753844414795,0.2665139714177419,160.56948031989555,8.386240900924728,0.9457803810915246,17.377293009283974,472.8093494697654,4.699966590162712,139.3928550965232
88.95773041643272,0.5450163890011362,1.0495368577374378,1.7311622636479536,0.04309501295890139,0.3492689698128749,141.43662910001208,14.250577088960377,10.173418038598275,6.787674615648789,303.07441212441654,24.273672876394034,98.43049673047483
90.96891469911671,2.1594742154389728,0.7692394429528784,1.4886536569747049,3.0914251050685992,0.20623503932294396,182.5843491078533,9.729830562408388,20.931772101065285,18.962601564223757,520.6789643058216,2.8870726804692732,161.92701421299017
91.53676660713501,2.1545979746234467,0.44220314831778185,1.1720404517006184,2.7884434559272635,0.14682576519274507,160.53293519167315,15.831870514562807,44.588000456649404,10.532542076471575,494.3037722586919,7.195349582096677,142.11671354093568
91.79143950262606,2.275606996558279,0.7593585173236654,0.5542261297425564,4.098385013902296,0.43249832203597705,165.06941555658227,17.425104890438693,42.460219299129726,13.45798812490802,520.0173242378223,3.458092122886522,156.75186647019572
91.28062449395888,2.6701417252686257,0.791294486180422,1.1414758851832418,4.79435936595205,0.4704771945658507,199.33102548940968,11.911803859475672,21.65837508239972,13.68429191053762,524.1020025188681,2.1235164274939065,152.16983056404902
92.31848842863019,1.9554968664852845,0.4694682520477793,1.8761114832362884,3.1156892687391267,0.11882447915077897,216.974872759344,14.759292044469143,42.8465547574499,,400.34233104092465,10.360613705255568,125.75351024157321
89.16923762264453,1.781669314891041,0.762717111016,1.4756554586685504,0.035459063871854934,0.35168767720331684,158.1469681860396,18.257825389437365,18.933832968750128,5.487112436648769,398.48403275628107,13.14991818390723,115.10581389920343
90.24034720721428,2.326626275598115,0.7774039506025883,0.4829039182119944,4.859226506627423,0.15074913122523734,214.87953432014223,23.701108406623554,4.111932479821542,13.260414063793723,449.48269964546427,8.175968772488684,134.39071072676236
90.3931051622708,0.8861493680583095,0.4716013471988717,1.4133686611933798,0.6355524543351199,0.12020298833291286,162.55495074734068,8.28155157773747,29.64359344646797,7.7149044843967465,375.3718322365868,15.825129877239828,104.03833996863929
93.18538032427944,2.544585540437554,0.9228387361554584,0.17461188705913938,3.051815039090785,0.19898519249325855,175.967912480619,7.603851010066076,28.132471638843217,14.28442722588686,483.3154016371093,4.21413588896917,138.60753075047086
91.12131894463724,2.390534034875442,0.34807094286083334,1.5729456239082065,1.670227742099798,0.15619960391820695,184.44937237459223,7.670614743818413,21.30436787268563,4.493409620849108,470.3396949230713,5.5258944130383885,136.5588290370809
94.24432588623979,1.6093755482614278,0.5543928656383896,1.6718740845007674,2.884039598191279,0.4111637626994148,202.95806395049607,11.991684343690803,25.81610211192857,42.94237945734128,410.8014396438312,14.902199166760436,123.98958553606268
91.77539569340955,2.936982905366958,0.3792118129682899,1.0363572106123666,0.19632525824330116,0.3767709453066368,187.76932960124026,2.4488354351405395,40.64526105913743,5.377252192577085,404.114130090797,9.435890034253092,123.42309633375646
93.08168975209168,0.7797990484943197,0.4071474294306875,0.16205221549054216,2.188584124667707,0.4713490207923168,173.67172230073808,20.224319203236217,6.564697555586145,16.332337414846894,376.9364609571428,16.556553627380957,114.58490183871521
88.09166119611834,2.1725558433227707,0.603926860227258,1.510315645279345,1.4740861917338344,0.16910292731243493,202.2697523636393,23.96526714632303,6.334075379648622,,418.1603895891884,11.047869501543346,128.05649012261526
